replicate_id,rtt_ms,transcription_ms,intent_ms,communication_ms
MEC-0001,327.5609,224.2041,21.054029,103.35679999999999
MEC-0002,248.2517,149.08,15.841961,99.17169999999999
MEC-0003,161.2132,59.6652,14.604092,101.548
MEC-0004,331.7311,236.1224,14.307976,95.60870000000003
MEC-0005,242.5778,142.4816,14.980078,100.09620000000001
MEC-0006,173.7909,36.9136,14.130116,136.8773
MEC-0007,331.152,217.5233,14.353991,113.62869999999998
MEC-0008,242.9259,134.897,14.658928,108.02890000000002
MEC-0009,172.2329,70.7798,14.505863,101.4531
MEC-0010,340.5769,242.8377,13.046026,97.73920000000001
MEC-0011,275.604,177.3946,14.306068,98.20939999999999
MEC-0012,207.7022,105.9275,15.576124,101.77470000000001
MEC-0013,113.4453,12.3062,14.876842,101.1391
MEC-0014,311.9309,210.4123,15.485048,101.51860000000002
MEC-0015,228.8961,116.1141,7.600307,112.782
MEC-0016,245.7459,146.5476,12.804031,99.19830000000002
MEC-0017,265.7354,151.5832,12.104034,114.15220000000002
MEC-0018,280.8571,178.6711,14.503956,102.186
MEC-0019,298.8508,197.9656,15.553951,100.8852
MEC-0020,318.387,215.8294,15.557051,102.55760000000001
MEC-0021,342.1161,238.0693,16.015053,104.04680000000002
MEC-0022,314.6591,206.6655,15.659094,107.99360000000001
MEC-0023,138.1779,37.8859,15.871286,100.292
MEC-0024,169.1961,70.1113,17.740965,99.0848
MEC-0025,196.4271,95.3217,14.827013,101.10539999999999
MEC-0026,229.9209,114.769,14.90283,115.15189999999998
MEC-0027,140.0919,38.3663,4.505157,101.72560000000001
MEC-0028,182.5211,83.4641,12.44998,99.05699999999999
MEC-0029,197.4399,95.3946,15.223026,102.0453
MEC-0030,217.0918,112.6842,12.772083,104.4076
MEC-0031,228.8892,131.1705,13.642073,97.71869999999998
MEC-0032,248.6737,142.1452,13.366222,106.52850000000001
MEC-0033,270.8232,169.0376,14.595985,101.78559999999999
MEC-0034,286.8898,150.5098,11.786938,136.37999999999997
MEC-0035,308.213,198.76,13.274908,109.45300000000003
MEC-0036,671.752,78.1219,14.951229,593.6301
MEC-0037,470.9291,47.58,12.776852,423.3491
MEC-0038,283.1087,137.6045,13.039112,145.5042
MEC-0039,219.3751,70.6959,16.253948,148.6792
MEC-0040,278.6708,124.5799,17.069101,154.09089999999998
MEC-0041,179.939,78.588,15.91301,101.351
MEC-0042,223.892,125.8588,15.027046,98.0332
MEC-0043,269.6359,172.5361,11.606216,97.09979999999999
MEC-0044,197.175,89.2906,12.57205,107.88440000000001
MEC-0045,259.5751,154.1123,13.516188,105.46280000000002
MEC-0046,324.9629,190.1355,13.020992,134.82739999999998
MEC-0047,134.4061,34.1921,12.489796,100.214
MEC-0048,275.099,132.7202,16.246796,142.37879999999998
MEC-0049,283.329,136.2145,15.389919,147.11450000000002
MEC-0050,204.983,53.8974,16.077042,151.0856
MEC-0051,127.3878,28.8002,15.270948,98.5876
MEC-0052,181.2818,40.9365,15.516996,140.3453
MEC-0053,209.3701,101.1903,12.390852,108.17980000000001
MEC-0054,240.7632,139.8699,16.983032,100.89330000000001
MEC-0055,267.508,160.8543,15.157938,106.65369999999999
MEC-0056,300.4029,198.3783,16.153097,102.02459999999999
MEC-0057,330.8957,229.9469,12.242079,100.94879999999998
MEC-0058,366.2188,88.8202,7.044792,277.3986
MEC-0059,159.3337,10.7627,16.065121,148.571
MEC-0060,198.2911,55.5284,13.186932,142.7627
MEC-0061,243.8493,100.8992,13.666868,142.95010000000002
MEC-0062,325.2411,188.3073,15.186787,136.93380000000002
MEC-0063,345.607,240.3026,18.131971,105.30440000000002
MEC-0064,277.1628,176.0728,16.307116,101.09
MEC-0065,206.3062,104.4419,17.268896,101.86429999999999
MEC-0066,121.5141,19.7303,12.312889,101.7838
MEC-0067,131.8469,32.0885,10.982037,99.7584
MEC-0068,148.211,45.7196,19.586086,102.49140000000001
MEC-0069,163.398,62.722,15.441895,100.67599999999999
MEC-0070,184.6459,86.674,11.354208,97.9719
MEC-0071,204.5631,105.8929,16.857862,98.6702
MEC-0072,224.7841,124.608,15.718937,100.17609999999999
MEC-0073,248.5609,145.9336,15.63096,102.62729999999999
MEC-0074,267.7362,167.722,13.748884,100.01419999999999
MEC-0075,296.423,195.5273,17.766237,100.8957
MEC-0076,323.7398,224.2155,15.86318,99.52430000000001
MEC-0077,354.9201,255.6634,15.624046,99.2567
MEC-0078,328.5761,225.8346,16.439199,102.7415
MEC-0079,331.7633,223.6485,15.263081,108.1148
MEC-0080,240.2859,135.632,13.204098,104.6539
MEC-0081,152.3509,47.9839,13.921022,104.36699999999999
MEC-0082,346.6318,243.1185,15.806913,103.51329999999999
MEC-0083,263.2442,26.8643,14.879942,236.37989999999996
MEC-0084,212.5478,105.7117,15.424013,106.8361
MEC-0085,251.893,143.4817,18.300056,108.41130000000001
MEC-0086,277.2532,168.8368,12.633801,108.41639999999998
MEC-0087,316.6652,212.8325,14.986992,103.83270000000002
MEC-0088,349.5889,242.1761,14.907122,107.41280000000003
MEC-0089,138.0489,32.6283,13.831854,105.42060000000001
MEC-0090,176.9559,76.4906,16.25824,100.46530000000001
MEC-0091,215.3659,115.6459,15.138149,99.72000000000001
MEC-0092,260.7288,150.7828,12.334108,109.94599999999997
MEC-0093,310.2241,92.8116,17.246962,217.41250000000002
MEC-0094,114.3909,13.315,17.374992,101.0759
MEC-0095,350.1909,247.4782,16.006947,102.71270000000001
MEC-0096,109.8881,2.9089,15.244722,106.97919999999999
MEC-0097,122.113,22.0098,13.091087,100.1032
MEC-0098,137.0671,37.8196,12.625933,99.2475
MEC-0099,155.4031,49.9713,15.171051,105.4318
MEC-0100,173.4369,73.6599,13.940334,99.77700000000002
MEC-0101,197.0699,96.7216,13.206959,100.3483
MEC-0102,213.1391,112.648,11.750937,100.49110000000002
MEC-0103,243.0437,137.7153,16.633034,105.32839999999999
MEC-0104,263.7219,156.6284,13.133049,107.0935
MEC-0105,571.4898,29.0272,13.15093,542.4626
MEC-0106,132.2129,32.9082,15.565157,99.3047
MEC-0107,328.042,229.0847,12.567997,98.95729999999998
MEC-0108,343.5938,241.3645,13.501883,102.2293
MEC-0109,112.0551,10.5312,14.001846,101.5239
MEC-0110,197.5751,97.7137,8.258104,99.86139999999999
MEC-0111,115.1121,17.6115,14.729977,97.50059999999999
MEC-0112,136.4901,36.5725,12.521029,99.91760000000002
MEC-0113,158.7651,53.9734,17.804146,104.79169999999999
MEC-0114,193.9828,81.0554,14.950752,112.92739999999999
MEC-0115,216.944,114.3208,17.266273,102.62319999999998
MEC-0116,243.8262,144.805,17.25173,99.0212
MEC-0117,267.2701,166.7509,17.616987,100.51920000000001
MEC-0118,299.3321,199.4741,12.652636,99.85800000000003
MEC-0119,331.0981,229.4066,13.828993,101.69149999999999
MEC-0120,108.552,8.0769,17.13109,100.47510000000001
MEC-0121,148.9022,47.7149,15.045881,101.1873
MEC-0122,195.5078,95.7723,15.504837,99.7355
MEC-0123,116.2312,17.5159,11.161804,98.7153
MEC-0124,304.2111,207.8135,12.513876,96.39759999999998
MEC-0125,215.6072,115.4268,13.139963,100.1804
MEC-0126,134.8553,30.9167,48.991919,103.93860000000001
MEC-0127,342.427,241.2839,16.766071,101.14310000000003
MEC-0128,260.6881,154.3465,10.748863,106.34160000000003
MEC-0129,282.7783,186.0645,13.622999,96.71379999999999
MEC-0130,305.2142,206.1574,15.129805,99.05680000000001
MEC-0131,244.5219,141.4101,17.932892,103.11179999999999
MEC-0132,275.476,178.1027,16.348124,97.3733
MEC-0133,315.877,177.6724,17.33923,138.2046
MEC-0134,107.2831,8.3089,15.589237,98.97420000000001
MEC-0135,150.6639,51.1158,16.227722,99.5481
MEC-0136,197.0391,88.4387,11.595011,108.6004
MEC-0137,245.3589,41.096,16.556025,204.2629
MEC-0138,143.5301,45.3386,13.200283,98.1915
MEC-0139,193.794,95.336,14.20188,98.45800000000001
MEC-0140,256.983,157.0873,15.04612,99.8957
MEC-0141,215.7381,114.5725,16.513824,101.1656
MEC-0142,198.0932,59.7665,15.614033,138.3267
MEC-0143,104.4319,4.5209,15.927076,99.911
MEC-0144,109.8089,10.0243,15.923262,99.7846
MEC-0145,122.6282,23.1977,15.002251,99.43050000000001
MEC-0146,140.4963,35.1334,16.153812,105.3629
MEC-0147,150.6851,53.3125,14.594078,97.3726
MEC-0148,170.9201,67.6067,15.873909,103.31339999999999
MEC-0149,185.0538,81.7654,13.439178,103.2884
MEC-0150,195.087,98.5055,6.416798,96.58149999999999
MEC-0151,225.62,119.6153,14.247894,106.0047
MEC-0152,243.6841,143.0392,14.908075,100.6449
MEC-0153,261.3792,160.2323,11.659861,101.14690000000002
MEC-0154,277.375,182.4486,15.99884,94.9264
MEC-0155,245.7759,147.3122,16.88695,98.46370000000002
MEC-0156,161.2289,62.5315,15.254974,98.69740000000002
MEC-0157,338.1169,235.2788,16.965151,102.8381
MEC-0158,258.846,161.4375,5.488157,97.4085
MEC-0159,287.5152,188.6206,13.294935,98.8946
MEC-0160,315.5179,215.4744,16.174078,100.0435
MEC-0161,464.1621,64.7953,14.334917,399.3668
MEC-0162,117.8958,20.0732,14.302969,97.8226
MEC-0163,152.2653,53.1871,13.053894,99.0782
MEC-0164,189.6191,90.6935,11.528254,98.9256
MEC-0165,224.5109,126.0386,13.88979,98.47229999999999
MEC-0166,265.2137,168.0231,14.53805,97.19060000000002
MEC-0167,310.241,167.5866,15.294075,142.65439999999998
MEC-0168,344.0738,247.2312,15.696764,96.8426
MEC-0169,387.768,280.6153,11.935949,107.15269999999998
MEC-0170,332.0441,87.297,17.914057,244.74710000000002
MEC-0171,254.5698,105.6025,12.326956,148.96729999999997
MEC-0172,163.343,17.1604,15.65218,146.18259999999998
MEC-0173,363.6611,217.9987,16.8612,145.66239999999996
MEC-0174,392.1871,239.4574,13.361931,152.72969999999998
MEC-0175,162.5879,12.3172,17.264843,150.27069999999998
MEC-0176,192.2021,46.5567,13.117313,145.6454
MEC-0177,223.731,81.4726,17.414093,142.2584
MEC-0178,262.0609,112.6425,12.754917,149.41840000000002
MEC-0179,289.2847,190.4025,19.171,98.88219999999998
MEC-0180,209.1789,112.1075,16.276836,97.0714
MEC-0181,162.9052,49.5274,16.860962,113.37780000000001
MEC-0182,199.2421,98.6326,16.236067,100.6095
MEC-0183,169.4789,66.699,10.771275,102.77990000000001
MEC-0184,342.1581,239.8951,13.709068,102.26299999999998
MEC-0185,259.6521,157.2208,11.953831,102.43130000000002
MEC-0186,178.2789,79.6492,17.709017,98.6297
MEC-0187,199.4352,91.687,12.962818,107.74820000000001
MEC-0188,225.9231,116.2038,15.162945,109.7193
MEC-0189,248.9111,145.5014,16.411066,103.40970000000002
MEC-0190,266.2239,164.922,13.754129,101.30190000000002
MEC-0191,294.2491,185.6329,14.796019,108.61619999999999
MEC-0192,325.424,224.226,13.791084,101.19799999999998
MEC-0193,349.7338,241.123,15.567303,108.61079999999998
MEC-0194,384.4123,282.6822,14.254093,101.7301
MEC-0195,412.7512,200.9637,5.180359,211.7875
MEC-0196,194.3479,49.623,14.798164,144.72490000000002
MEC-0197,261.0259,114.4624,14.44006,146.56349999999998
MEC-0198,329.7749,93.1227,17.342806,236.6522
MEC-0199,393.1949,249.0363,15.395641,144.1586
MEC-0200,296.1979,154.6497,20.419836,141.5482
MEC-0201,213.7682,113.6076,15.534878,100.1606
MEC-0202,421.303,199.1439,15.166998,222.1591
MEC-0203,343.538,101.3656,18.848181,242.1724
MEC-0204,266.2909,110.9025,14.62388,155.38840000000002
MEC-0205,282.1388,132.4677,15.777111,149.6711
MEC-0206,305.1162,160.377,6.444216,144.73919999999998
MEC-0207,369.1721,219.8095,16.698837,149.3626
MEC-0208,179.3191,36.6557,16.103029,142.6634
MEC-0209,485.1282,133.7748,13.598204,351.35339999999997
MEC-0210,259.716,112.639,14.949083,147.077
MEC-0211,297.7641,145.0775,16.206026,152.6866
MEC-0212,327.3768,182.2388,17.051697,145.138
MEC-0213,368.7191,221.8537,17.395735,146.86540000000002
MEC-0214,406.302,262.7718,11.166096,143.53020000000004
MEC-0215,452.287,230.3207,14.15801,221.9663
MEC-0216,232.2409,85.0074,14.898777,147.2335
MEC-0217,274.9729,126.7226,17.73715,148.25029999999998
MEC-0218,328.0866,177.8784,14.566898,150.20819999999998
MEC-0219,361.3129,217.7536,15.708208,143.5593
MEC-0220,363.678,200.7971,14.479876,162.8809
MEC-0221,167.9649,60.3311,12.617826,107.63380000000001
MEC-0222,177.5761,70.8442,12.820959,106.7319
MEC-0223,223.6719,80.3797,13.267994,143.29219999999998
MEC-0224,239.6448,88.7585,15.084028,150.8863
MEC-0225,245.6992,29.803,12.44688,215.8962
MEC-0226,220.5839,94.9314,16.435862,125.6525
MEC-0227,177.2351,33.3014,15.435934,143.9337
MEC-0228,181.5739,39.1409,15.191078,142.433
MEC-0229,237.5212,139.318,11.014223,98.20319999999998
MEC-0230,278.6341,177.8176,15.422106,100.81649999999999
MEC-0231,310.2012,170.2945,13.900042,139.90669999999997
MEC-0232,344.5203,242.4221,14.151335,102.09820000000002
MEC-0233,119.7081,20.6103,14.770031,99.0978
MEC-0234,182.2777,83.8928,16.963005,98.38490000000002
MEC-0235,158.426,60.4517,14.414787,97.97429999999999
MEC-0236,312.752,205.806,16.076803,106.946
MEC-0237,142.6392,42.8855,17.007113,99.75369999999998
MEC-0238,217.8621,115.5875,15.376091,102.27459999999999
MEC-0239,349.1299,247.3037,12.454271,101.82620000000003
MEC-0240,155.1919,49.0558,17.350912,106.1361
MEC-0241,106.334,4.802,13.752222,101.53200000000001
MEC-0242,393.2412,244.3585,16.147852,148.8827
MEC-0243,241.642,133.971,14.724255,107.67099999999999
MEC-0244,180.5439,79.8166,16.609192,100.72730000000001
MEC-0245,211.6842,111.7911,14.843941,99.8931
MEC-0246,256.3922,156.9951,15.042067,99.3971
MEC-0247,299.3879,161.2263,13.408899,138.1616
MEC-0248,342.983,237.6482,14.382124,105.3348
MEC-0249,139.2,39.0089,15.754938,100.19109999999999
MEC-0250,186.9881,81.2891,16.021967,105.699
MEC-0251,243.4561,141.2981,13.272047,102.15799999999999
MEC-0252,350.8973,156.1513,16.104937,194.74599999999998
MEC-0253,150.4869,41.5041,14.764071,108.9828
MEC-0254,214.2329,111.9883,15.457153,102.2446
MEC-0255,853.1272,746.4497,11.868238,106.67750000000001
MEC-0256,200.597,56.6759,15.129089,143.92110000000002
MEC-0257,131.8181,30.5212,20.624161,101.2969
MEC-0258,162.487,61.5637,14.387131,100.9233
MEC-0259,195.2159,89.0083,15.081167,106.2076
MEC-0260,275.4219,160.6002,12.540102,114.82169999999999
MEC-0261,297.4143,151.4411,15.244961,145.97320000000002
MEC-0262,334.4362,234.3419,12.886047,100.09429999999998
MEC-0263,122.2908,10.4728,14.883041,111.81800000000001
MEC-0264,162.8408,61.147,13.732195,101.69380000000001
MEC-0265,213.0628,108.7246,13.575077,104.33820000000001
MEC-0266,264.4219,164.2354,16.833782,100.1865
MEC-0267,306.453,165.5726,14.976978,140.88039999999998
MEC-0268,572.365,357.4274,14.769793,214.93760000000003
MEC-0269,927.9511,14.2767,16.577721,913.6744
MEC-0270,727.3142,44.632,12.328863,682.6822000000001
MEC-0271,381.8469,12.8679,15.329838,368.979
MEC-0272,304.482,104.8884,11.412859,199.59360000000004
MEC-0273,325.0771,178.4649,16.224861,146.61219999999997
MEC-0274,351.511,208.1313,16.35313,143.3797
MEC-0275,379.411,232.856,19.706726,146.555
MEC-0276,153.1549,5.8315,14.026165,147.3234
MEC-0277,193.9301,44.441,14.681101,149.4891
MEC-0278,222.2621,79.8156,7.262945,142.44650000000001
MEC-0279,260.5381,147.382,12.621164,113.15609999999998
MEC-0280,291.2719,190.4943,14.394999,100.7776
MEC-0281,328.5172,227.7119,14.873981,100.80529999999999
MEC-0282,113.8821,15.8639,15.142918,98.0182
MEC-0283,158.32,58.115,14.410973,100.20499999999998
MEC-0284,300.1931,199.5986,16.816854,100.59450000000001
MEC-0285,219.9481,80.7791,19.042015,139.169
MEC-0286,137.501,37.6894,17.334223,99.8116
MEC-0287,325.2511,226.4333,13.649225,98.8178
MEC-0288,351.1581,246.3243,15.783787,104.8338
MEC-0289,266.0749,158.704,14.806986,107.3709
MEC-0290,283.6211,184.8946,9.979248,98.72650000000002
MEC-0291,308.346,208.847,49.041033,99.499
MEC-0292,330.1542,225.9793,15.479803,104.17490000000001
MEC-0293,375.3312,252.1808,15.1999,123.15040000000002
MEC-0294,128.4909,23.2127,13.679028,105.27820000000001
MEC-0295,435.926,223.9034,14.136076,212.02259999999998
MEC-0296,462.2989,112.0279,13.388157,350.271
MEC-0297,237.8821,87.1983,13.648987,150.68380000000002
MEC-0298,271.5888,120.3368,13.228893,151.252
MEC-0299,305.717,33.1068,12.192965,272.61019999999996
MEC-0300,308.8996,162.6346,5.180836,146.26500000000001
MEC-0301,214.3989,69.8626,17.757177,144.53629999999998
MEC-0302,245.9767,145.0789,14.773846,100.89779999999999
MEC-0303,316.685,214.2191,16.911983,102.4659
MEC-0304,336.693,200.6032,14.303923,136.0898
MEC-0305,353.9121,219.3618,15.785933,134.55030000000002
MEC-0306,117.3182,15.7073,15.169859,101.6109
MEC-0307,140.6479,36.5956,13.199091,104.0523
MEC-0308,127.6698,28.4908,16.07275,99.179
MEC-0309,192.9212,77.2903,14.322042,115.6309
MEC-0310,225.3518,124.9118,11.480808,100.44
MEC-0311,258.3082,153.6865,14.28771,104.6217
MEC-0312,284.6529,141.8307,14.875174,142.82219999999998
MEC-0313,319.02,80.6563,12.405872,238.3637
MEC-0314,171.4482,27.4694,15.181065,143.9788
MEC-0315,182.4791,39.3946,15.516996,143.0845
MEC-0316,196.7652,53.5536,15.326023,143.21159999999998
MEC-0317,209.9218,111.6657,11.783123,98.25609999999999
MEC-0318,146.8728,2.7847,13.162851,144.08810000000003
MEC-0319,336.6868,226.8994,13.33499,109.78739999999999
MEC-0320,288.914,187.7003,10.130882,101.21369999999999
MEC-0321,310.7309,170.2945,15.726805,140.43640000000002
MEC-0322,338.0101,236.1016,13.41486,101.90850000000003
MEC-0323,105.9787,8.8618,16.768932,97.1169
MEC-0324,140.0459,36.3421,14.630079,103.70379999999999
MEC-0325,172.6978,74.9876,10.225058,97.7102
MEC-0326,176.0132,77.2555,17.677069,98.75770000000001
MEC-0327,356.8041,240.2995,13.109922,116.50460000000001
MEC-0328,118.2079,16.2611,12.609005,101.9468
MEC-0329,137.6431,32.8984,13.493061,104.7447
MEC-0330,314.1541,215.6663,15.074968,98.48780000000002
MEC-0331,326.746,225.2865,10.821104,101.45949999999999
MEC-0332,334.8517,229.3947,16.153097,105.457
MEC-0333,100.9779,0.9317,15.226126,100.0462
MEC-0334,318.6991,192.9524,14.539003,125.74669999999998
MEC-0335,333.0371,233.2535,12.530327,99.7836
MEC-0336,370.8148,272.5151,16.778946,98.29969999999997
MEC-0337,398.988,185.2829,11.611223,213.7051
MEC-0338,184.9468,38.8339,13.750076,146.1129
MEC-0339,226.5489,123.7199,15.358925,102.82900000000001
MEC-0340,271.9102,169.8515,15.392065,102.05869999999999
MEC-0341,314.7171,172.7817,15.028,141.93540000000002
MEC-0342,352.8562,254.5197,11.700869,98.3365
MEC-0343,144.012,2.1899,14.923096,141.8221
MEC-0344,204.674,106.4231,11.588097,98.2509
MEC-0345,217.9201,115.2258,13.882875,102.69429999999998
MEC-0346,209.281,111.8619,11.954069,97.4191
MEC-0347,158.963,60.1652,16.388178,98.7978
MEC-0348,141.8679,40.992,15.471935,100.8759
MEC-0349,200.7298,99.3719,11.634827,101.35790000000001
MEC-0350,240.659,138.6368,13.568163,102.0222
MEC-0351,310.236,209.7776,14.517069,100.45839999999998
MEC-0352,364.1253,150.9173,15.875101,213.20799999999997
MEC-0353,159.379,14.328,17.073154,145.051
MEC-0354,193.11,87.9562,11.638641,105.15380000000002
MEC-0355,285.1689,141.8099,11.507988,143.359
MEC-0356,358.6748,211.7991,12.094975,146.8757
MEC-0357,191.2823,93.7936,15.218973,97.4887
MEC-0358,297.967,148.3085,14.309883,149.65849999999998
MEC-0359,208.385,53.4735,10.154963,154.9115
MEC-0360,390.4231,241.9224,15.778065,148.50069999999997
MEC-0361,319.222,174.1774,12.633801,145.04459999999997
MEC-0362,347.8229,199.4364,20.637989,148.3865
MEC-0363,373.003,226.2583,23.584127,146.7447
MEC-0364,400.2271,250.6993,16.136885,149.5278
MEC-0365,175.2369,31.7802,14.550924,143.45669999999998
MEC-0366,213.4058,111.9971,18.337011,101.4087
MEC-0367,246.624,145.2394,17.111063,101.3846
MEC-0368,282.9871,183.3854,13.586998,99.6017
MEC-0369,324.0981,176.4731,14.03594,147.625
MEC-0370,375.107,160.6789,15.275002,214.42810000000003
MEC-0371,214.5901,15.9063,10.392666,198.68380000000002
MEC-0372,393.7237,249.1548,15.305042,144.5689
MEC-0373,146.0342,48.6801,17.663956,97.35409999999999
MEC-0374,336.174,234.0868,17.095089,102.08719999999997
MEC-0375,263.751,156.1899,15.321016,107.56109999999998
MEC-0376,792.902,42.0575,13.303041,750.8445
MEC-0377,719.6801,21.2693,16.249895,698.4108
MEC-0378,750.1833,151.2401,5.166292,598.9432
MEC-0379,530.5758,33.1795,16.414881,497.39629999999994
MEC-0380,570.0691,27.6,17.618895,542.4691
MEC-0381,605.1002,56.2673,15.805006,548.8329
MEC-0382,392.5571,6.9964,17.551661,385.5607
MEC-0383,189.389,40.7517,15.479088,148.6373
MEC-0384,238.893,89.7923,16.896963,149.10070000000002
MEC-0385,295.361,148.8848,16.742229,146.47619999999998
MEC-0386,352.632,207.6058,21.486759,145.02620000000002
MEC-0387,150.7862,0.9794,15.417099,149.8068
MEC-0388,205.7061,61.3253,16.243935,144.3808
MEC-0389,344.6839,244.8573,7.857084,99.82659999999998
MEC-0390,351.2938,249.9576,16.780138,101.33619999999996
MEC-0391,276.7,166.2414,17.961979,110.45859999999999
MEC-0392,274.9567,168.6082,16.651154,106.3485
MEC-0393,300.483,190.8548,17.389774,109.62819999999999
MEC-0394,268.0418,121.4511,15.881062,146.59070000000003
MEC-0395,298.4719,151.212,14.99176,147.25990000000002
MEC-0396,339.4411,238.5054,16.172886,100.9357
MEC-0397,381.4571,167.5227,16.273022,213.93440000000004
MEC-0398,507.1182,104.8512,13.938189,402.267
MEC-0399,552.959,263.6492,17.580986,289.30979999999994
MEC-0400,347.1558,109.4863,17.193079,237.6695
MEC-0401,396.276,199.4097,13.740063,196.86630000000002
MEC-0402,200.156,51.3136,14.889956,148.8424
MEC-0403,191.9641,90.7459,13.192892,101.2182
MEC-0404,202.4801,81.4512,13.659,121.0289
MEC-0405,191.2141,91.7799,15.216112,99.4342
MEC-0406,110.9641,6.2516,15.158176,104.7125
MEC-0407,166.821,29.9706,13.279915,136.8504
MEC-0408,255.161,156.4322,14.374256,98.7288
MEC-0409,182.4942,81.7168,12.675762,100.7774
MEC-0410,153.4908,45.903,14.543056,107.58780000000002
MEC-0411,338.6543,239.454,16.33215,99.20029999999997
MEC-0412,375.0358,272.8863,17.081738,102.14949999999999
MEC-0413,305.8589,204.0696,15.470743,101.7893
MEC-0414,261.2412,160.161,15.065193,101.08019999999999
MEC-0415,203.9189,61.8582,15.413046,142.0607
MEC-0416,247.3788,41.5454,18.575907,205.8334
MEC-0417,286.854,2.3637,14.023781,284.4903
MEC-0418,342.8042,240.7036,15.342951,102.10059999999999
MEC-0419,144.3739,44.5883,12.473106,99.78559999999999
MEC-0420,255.6181,138.5803,13.818979,117.0378
MEC-0421,310.9341,208.2691,15.068769,102.66499999999999
MEC-0422,109.3962,9.1982,12.003899,100.198
MEC-0423,165.5848,67.3738,13.702154,98.211
MEC-0424,226.5038,126.2562,12.722969,100.2476
MEC-0425,295.9952,191.592,13.553143,104.4032
MEC-0426,207.947,103.137,15.81192,104.81
MEC-0427,120.3969,21.6401,16.187906,98.7568
MEC-0428,126.7128,25.6567,16.42108,101.0561
MEC-0429,296.514,198.1225,17.084122,98.39150000000001
MEC-0430,161.3481,61.4846,14.179945,99.86349999999999
MEC-0431,253.2592,11.2371,14.52899,242.0221
MEC-0432,267.1249,161.1364,11.768818,105.98850000000002
MEC-0433,196.9931,95.8807,14.703035,101.1124
MEC-0434,220.7611,120.8842,12.912989,99.87689999999999
MEC-0435,279.382,167.6984,11.175156,111.68360000000001
MEC-0436,308.109,207.1109,14.491081,100.9981
MEC-0437,495.6279,354.3036,18.172979,141.3243
MEC-0438,208.3123,109.5445,16.343117,98.7678
MEC-0439,124.1813,25.6333,14.334917,98.548
MEC-0440,403.579,191.91,12.388945,211.669
MEC-0441,331.2902,88.979,12.273312,242.31120000000004
MEC-0442,105.1919,6.7909,14.235258,98.40100000000001
MEC-0443,131.273,29.6612,14.239073,101.61179999999999
MEC-0444,164.8359,64.7469,16.744852,100.08900000000001
MEC-0445,195.446,93.9391,4.649878,101.5069
MEC-0446,128.7711,29.7365,13.613939,99.03459999999998
MEC-0447,153.8959,45.3792,14.073849,108.51670000000001
MEC-0448,184.567,84.106,14.410973,100.46100000000001
MEC-0449,217.6528,115.2785,15.0249,102.37430000000002
MEC-0450,259.6409,158.7522,12.571096,100.8887
MEC-0451,291.1007,187.8254,15.151262,103.27530000000002
MEC-0452,335.767,235.8544,14.185905,99.9126
MEC-0453,119.7791,11.9901,14.355898,107.789
MEC-0454,155.53,43.226,13.427973,112.304
MEC-0455,198.6279,98.6807,13.393879,99.94720000000001
MEC-0456,238.9441,138.0813,14.2591,100.8628
MEC-0457,196.1257,97.034,15.337944,99.09169999999999
MEC-0458,111.4271,7.5061,13.440132,103.92099999999999
MEC-0459,897.8181,9.4638,11.193037,888.3543
MEC-0460,806.138,102.3915,8.541822,703.7465000000001
MEC-0461,308.4967,28.0156,15.923977,280.48109999999997
MEC-0462,366.7188,213.2885,12.4228,153.4303
MEC-0463,176.9621,27.3581,9.703159,149.60399999999998
MEC-0464,258.2219,106.4117,14.873981,151.8102
MEC-0465,407.4631,89.7522,15.240908,317.7109
MEC-0466,336.961,186.4707,15.34009,150.49030000000002
MEC-0467,349.159,198.91,13.715982,150.249
MEC-0468,364.6531,213.7609,11.41715,150.8922
MEC-0469,377.5852,221.4592,15.958071,156.12599999999998
MEC-0470,390.77,241.8268,13.520718,148.9432
MEC-0471,149.6301,6.9778,12.723923,142.6523
MEC-0472,176.9381,24.0376,14.657974,152.9005
MEC-0473,191.9177,92.3626,15.056849,99.5551
MEC-0474,213.7232,101.4576,12.567043,112.26559999999999
MEC-0475,260.6931,112.6931,14.33301,148.0
MEC-0476,290.957,133.0616,14.644146,157.8954
MEC-0477,109.1039,5.6365,15.54203,103.4674
MEC-0478,121.489,20.9203,12.626886,100.5687
MEC-0479,133.6222,36.716,12.729168,96.90619999999998
MEC-0480,149.9269,52.9187,12.277842,97.00819999999999
MEC-0481,170.0461,66.8001,15.982151,103.246
MEC-0482,184.4339,83.8666,17.376184,100.56729999999999
MEC-0483,199.348,100.0538,11.576891,99.29420000000002
MEC-0484,221.4961,120.2316,7.436991,101.26450000000001
MEC-0485,240.948,133.0543,14.923096,107.8937
MEC-0486,270.381,156.7292,13.463974,113.65179999999998
MEC-0487,297.1222,189.3847,20.546198,107.73750000000001
MEC-0488,318.819,218.6508,15.084982,100.16820000000001
MEC-0489,169.6219,20.7648,14.237881,148.8571
MEC-0490,162.7042,13.9229,17.699003,148.7813
MEC-0491,213.4569,66.9632,14.567852,146.4937
MEC-0492,264.9488,115.8514,12.447119,149.0974
MEC-0493,254.698,108.6264,14.886856,146.0716
MEC-0494,180.2139,35.5844,13.059139,144.6295
MEC-0495,204.4868,58.1872,14.005899,146.2996
MEC-0496,230.4471,128.9847,13.808966,101.4624
MEC-0497,247.3512,28.2366,12.399197,219.1146
MEC-0498,380.362,134.969,12.767076,245.39300000000003
MEC-0499,224.654,74.1146,11.013746,150.5394
MEC-0500,291.0159,146.8902,14.899969,144.1257
MEC-0501,358.0391,207.8001,11.701107,150.23900000000003
MEC-0502,281.2378,180.3031,14.875889,100.93469999999999
MEC-0503,184.0069,83.801,12.323141,100.2059
MEC-0504,128.6557,26.557,17.109871,102.0987
MEC-0505,136.8809,34.1208,15.290976,102.7601
MEC-0506,166.4729,64.5072,13.811827,101.96570000000001
MEC-0507,290.6749,146.6787,12.394905,143.9962
MEC-0508,351.229,206.907,15.73801,144.32199999999997
MEC-0509,163.2941,63.1914,13.386965,100.10269999999998
MEC-0510,235.1918,133.1863,15.857935,102.00550000000001
MEC-0511,256.8707,108.8183,10.101795,148.0524
MEC-0512,221.046,23.5221,13.546944,197.5239
MEC-0513,282.794,139.0944,12.991905,143.69959999999998
MEC-0514,359.4751,213.2373,12.34293,146.2378
MEC-0515,206.5821,106.4811,15.604258,100.101
MEC-0516,124.7182,26.607,16.479015,98.1112
MEC-0517,310.868,210.6688,15.640974,100.19919999999999
MEC-0518,231.1561,123.8039,17.49301,107.35220000000001
MEC-0519,271.3401,160.9168,15.609026,110.42330000000001
MEC-0520,172.219,30.4163,18.043041,141.8027
MEC-0521,100.337,1.5614,13.890028,98.7756
MEC-0522,132.889,30.2775,16.434908,102.6115
MEC-0523,161.653,61.7106,12.239933,99.94239999999999
MEC-0524,193.5759,94.8701,5.716085,98.7058
MEC-0525,236.4011,136.2677,14.371872,100.13340000000002
MEC-0526,267.7648,160.6927,16.214132,107.07209999999998
MEC-0527,314.2593,212.311,11.329651,101.94829999999999
MEC-0528,351.7952,250.8645,11.456966,100.93070000000003
MEC-0529,132.1912,30.7314,14.564037,101.4598
MEC-0530,176.785,74.713,14.381647,102.072
MEC-0531,225.956,118.8326,49.72291,107.12339999999999
MEC-0532,274.1959,155.5727,16.389132,118.6232
MEC-0533,321.5449,180.7895,12.174129,140.75539999999998
MEC-0534,335.8111,233.9056,13.545036,101.90550000000002
MEC-0535,104.985,4.6692,15.767097,100.3158
MEC-0536,292.9559,193.5816,14.402866,99.37429999999998
MEC-0537,320.8683,178.1199,12.985229,142.74839999999998
MEC-0538,348.304,245.1575,15.022039,103.14649999999997
MEC-0539,121.4941,9.3777,17.704964,112.1164
MEC-0540,143.702,39.8531,12.243032,103.8489
MEC-0541,176.1541,62.4008,16.012907,113.7533
MEC-0542,209.9609,106.2644,14.454842,103.69650000000001
MEC-0543,244.9648,141.2508,15.400887,103.714
MEC-0544,278.9769,179.5242,11.498928,99.4527
MEC-0545,368.695,156.1315,14.99486,212.5635
MEC-0546,379.348,226.0497,16.556025,153.2983
MEC-0547,395.6511,241.2643,16.910076,154.3868
MEC-0548,155.4832,9.0022,15.797138,146.48100000000002
MEC-0549,173.0249,29.722,15.093088,143.3029
MEC-0550,195.9622,48.5489,12.109756,147.4133
MEC-0551,212.8592,72.983,14.329195,139.87619999999998
MEC-0552,235.27,94.0828,14.883995,141.18720000000002
MEC-0553,256.7837,158.8044,15.161991,97.97930000000002
MEC-0554,280.9973,142.1406,13.6621,138.8567
MEC-0555,307.0252,45.5661,17.02714,261.4591
MEC-0556,334.9311,72.0787,14.672041,262.8524
MEC-0557,320.3712,140.7237,4.983187,179.64749999999998
MEC-0558,403.9431,261.131,16.742706,142.81210000000004
MEC-0559,330.5473,180.4068,15.20896,150.1405
MEC-0560,279.2141,132.957,16.110897,146.25709999999998
MEC-0561,301.2061,197.7611,13.777971,103.445
MEC-0562,351.9571,245.2123,10.712862,106.74480000000003
MEC-0563,150.4657,49.2811,16.25824,101.18459999999999
MEC-0564,183.4791,76.3059,12.913942,107.1732
MEC-0565,219.6319,8.3439,15.964031,211.288
MEC-0566,278.9869,134.2273,12.259007,144.75959999999998
MEC-0567,349.6141,198.7004,15.04612,150.9137
MEC-0568,419.312,271.2739,13.844967,148.0381
MEC-0569,478.034,304.739,14.846087,173.29500000000002
MEC-0570,294.0381,149.6837,15.251875,144.3544
MEC-0571,228.6022,78.9204,15.915155,149.6818
MEC-0572,353.9751,211.7038,14.733791,142.2713
MEC-0573,249.9473,146.7638,13.169765,103.18350000000001
MEC-0574,174.1302,70.8432,13.496876,103.287
MEC-0575,477.309,250.8972,13.995171,226.41180000000003
MEC-0576,249.8958,99.2279,14.910221,150.6679
MEC-0577,274.7083,130.2907,17.049074,144.41760000000002
MEC-0578,307.0912,164.4261,13.149261,142.66510000000002
MEC-0579,345.0651,243.089,16.943216,101.97609999999997
MEC-0580,134.2959,26.4792,63.119173,107.8167
MEC-0581,171.7069,70.6806,20.582914,101.02629999999999
MEC-0582,205.7848,106.828,15.205145,98.95679999999999
MEC-0583,246.928,135.8612,15.594959,111.0668
MEC-0584,288.7869,187.6886,12.893915,101.0983
MEC-0585,150.6071,47.2178,16.804695,103.3893
MEC-0586,313.0021,208.9934,15.738249,104.00869999999998
MEC-0587,237.1011,136.9956,15.374899,100.1055
MEC-0588,162.3807,54.9889,14.372826,107.39179999999999
MEC-0589,192.8668,89.2205,14.445782,103.64630000000001
MEC-0590,226.172,122.2425,7.758141,103.92949999999999
MEC-0591,322.1989,134.5239,15.457153,187.67499999999998
MEC-0592,264.255,48.332,15.384197,215.923
MEC-0593,299.5551,12.6235,16.040802,286.9316
MEC-0594,245.8272,146.8747,13.844013,98.95250000000001
MEC-0595,292.0792,187.2287,16.093016,104.85050000000001
MEC-0596,340.5869,239.4514,15.861988,101.13550000000001
MEC-0597,133.8649,25.471,13.421059,108.3939
MEC-0598,189.7268,87.8818,15.169144,101.845
MEC-0599,238.625,137.805,15.614986,100.82
MEC-0600,300.756,201.2062,14.028072,99.54979999999998
MEC-0601,351.5408,251.2832,15.151978,100.2576
MEC-0602,153.1568,52.4447,20.815849,100.7121
MEC-0603,205.267,100.8546,16.030073,104.41239999999999
MEC-0604,329.0968,80.8444,16.473293,248.25239999999997
MEC-0605,300.679,195.0598,15.895605,105.61919999999998
MEC-0606,327.1189,221.2195,15.767097,105.89939999999999
MEC-0607,254.6909,147.3501,13.916254,107.3408
MEC-0608,174.2442,67.9381,16.173124,106.3061
MEC-0609,116.5769,11.4121,15.419006,105.1648
MEC-0610,134.084,29.8471,13.073921,104.2369
MEC-0611,160.589,60.4157,16.12711,100.1733
MEC-0612,188.689,88.0702,15.89179,100.6188
MEC-0613,218.848,116.5066,11.920929,102.34140000000001
MEC-0614,254.349,147.8162,14.94503,106.53279999999998
MEC-0615,283.52,183.156,13.880253,100.36399999999998
MEC-0616,316.03,210.1808,12.932062,105.84919999999997
MEC-0617,354.9242,250.4358,13.494968,104.48839999999998
MEC-0618,139.3991,34.56,13.951063,104.8391
MEC-0619,176.501,70.8976,13.27014,105.60340000000001
MEC-0620,227.402,125.4463,16.297102,101.9557
MEC-0621,395.4723,290.9923,13.7012,104.48000000000002
MEC-0622,330.9467,211.637,14.147282,119.30970000000002
MEC-0623,232.1253,130.5258,15.726805,101.5995
MEC-0624,143.1687,6.2838,14.757156,136.8849
MEC-0625,314.507,209.9471,13.189316,104.5599
MEC-0626,219.3358,116.5686,15.496254,102.7672
MEC-0627,138.1171,39.6569,5.25713,98.46019999999999
MEC-0628,319.5648,221.045,13.034821,98.5198
MEC-0629,245.9419,138.3886,14.675856,107.55330000000001
MEC-0630,166.5559,63.8731,14.183044,102.68280000000001
MEC-0631,343.276,240.8769,13.639212,102.3991
MEC-0632,218.1392,113.8437,16.445875,104.29549999999999
MEC-0633,141.4721,37.2243,16.979933,104.24780000000001
MEC-0634,353.9898,244.5183,16.743898,109.47149999999999
MEC-0635,268.9431,39.6767,15.31601,229.26640000000003
MEC-0636,202.6598,54.9197,14.089108,147.74009999999998
MEC-0637,220.8951,113.8611,16.793966,107.03400000000002
MEC-0638,247.2279,140.1415,11.456966,107.0864
MEC-0639,271.1139,162.1256,15.423059,108.98830000000001
MEC-0640,298.413,191.8292,5.580902,106.58380000000002
MEC-0641,329.648,233.0019,13.898849,96.64610000000002
MEC-0642,355.485,246.9091,13.625145,108.57590000000002
MEC-0643,133.2488,20.3354,15.034199,112.9134
MEC-0644,164.319,63.1924,13.855696,101.1266
MEC-0645,198.523,99.4489,14.06002,99.0741
MEC-0646,238.3611,129.6821,13.576984,108.679
MEC-0647,245.501,141.9919,12.394428,103.50910000000002
MEC-0648,293.2048,195.0476,15.676975,98.15719999999999
MEC-0649,112.468,8.3749,15.686989,104.0931
MEC-0650,302.156,201.2668,13.491869,100.88920000000002
MEC-0651,224.493,125.9906,8.433819,98.5024
MEC-0652,159.4727,59.6006,12.506962,99.8721
MEC-0653,348.9826,246.747,12.354136,102.23559999999998
MEC-0654,118.578,10.6907,11.782169,107.88730000000001
MEC-0655,141.1681,35.8467,17.379999,105.32140000000001
MEC-0656,125.4122,22.3653,15.159845,103.0469
MEC-0657,306.7281,208.5025,14.617205,98.22559999999999
MEC-0658,107.1019,6.6023,12.681007,100.4996
MEC-0659,148.8671,50.9784,14.262915,97.8887
MEC-0660,180.4779,79.8757,13.703108,100.60220000000001
MEC-0661,219.6851,115.8497,15.620232,103.8354
MEC-0662,258.5399,155.4253,16.50691,103.1146
MEC-0663,295.9712,161.1636,14.104128,134.8076
MEC-0664,340.4088,236.7423,16.465187,103.66649999999998
MEC-0665,123.929,22.1231,12.379885,101.80590000000001
MEC-0666,171.392,64.739,15.748739,106.65299999999999
MEC-0667,229.069,124.078,14.555931,104.99099999999999
MEC-0668,328.4869,230.1316,16.505957,98.3553
MEC-0669,354.9902,243.4583,16.430855,111.53190000000001
MEC-0670,1096.673,223.2039,15.648842,873.4691
MEC-0671,766.4089,15.4824,14.57119,750.9265
MEC-0672,684.1791,83.8008,17.152071,600.3783
MEC-0673,184.4251,38.1377,55.763006,146.2874
MEC-0674,207.936,60.6141,15.728235,147.3219
MEC-0675,228.518,83.6036,16.71195,144.9144
MEC-0676,157.306,10.7472,16.250849,146.55880000000002
MEC-0677,187.9742,43.0832,12.74395,144.891
MEC-0678,152.5199,4.9508,13.226986,147.56910000000002
MEC-0679,180.1291,35.6836,15.476942,144.44549999999998
MEC-0680,221.7669,74.0016,6.373167,147.7653
MEC-0681,273.1352,168.5178,15.065908,104.6174
MEC-0682,303.39,163.0595,11.389971,140.33049999999997
MEC-0683,343.637,239.6874,16.561747,103.9496
MEC-0684,129.575,28.5048,15.043259,101.07019999999999
MEC-0685,173.7542,70.4193,14.102936,103.33489999999999
MEC-0686,223.9611,123.7433,15.908957,100.21779999999998
MEC-0687,278.219,179.7616,15.186071,98.4574
MEC-0688,322.484,220.6144,13.287067,101.86959999999999
MEC-0689,225.9519,16.3672,13.419867,209.5847
MEC-0690,126.214,27.0119,16.677141,99.2021
MEC-0691,313.0021,214.2987,16.755104,98.70339999999999
MEC-0692,330.447,228.4763,14.630795,101.9707
MEC-0693,342.6979,236.702,12.985945,105.9959
MEC-0694,361.9199,262.681,15.572071,99.2389
MEC-0695,117.3928,20.1926,7.589102,97.2002
MEC-0696,143.2171,42.4559,15.688896,100.76119999999999
MEC-0697,166.3003,63.5545,12.151718,102.7458
MEC-0698,191.3519,89.1778,12.709141,102.1741
MEC-0699,223.9931,122.7913,15.314102,101.20179999999999
MEC-0700,245.4491,147.6486,17.408848,97.8005
MEC-0701,275.9731,171.2532,11.328936,104.7199
MEC-0702,183.5382,84.5401,17.139912,98.9981
MEC-0703,286.0019,135.7589,13.098955,150.24299999999997
MEC-0704,455.317,187.9249,17.016888,267.3921
MEC-0705,422.4069,33.6995,16.247034,388.7074
MEC-0706,102.6859,4.1699,14.285803,98.516
MEC-0707,245.3823,48.2812,15.406132,197.10109999999997
MEC-0708,282.346,92.932,15.247822,189.414
MEC-0709,255.6279,111.8627,15.764952,143.7652
MEC-0710,228.7359,83.2512,14.502048,145.48469999999998
MEC-0711,173.2161,28.4369,14.909983,144.7792
MEC-0712,223.5138,77.5409,13.545036,145.9729
MEC-0713,278.4967,133.8491,15.473843,144.64759999999998
MEC-0714,336.055,181.3505,16.644001,154.7045
MEC-0715,391.0489,237.489,12.312889,153.5599
MEC-0716,250.4559,145.4005,12.441874,105.05540000000002
MEC-0717,471.1099,251.1876,16.415119,219.92229999999998
MEC-0718,645.8349,71.4734,14.921904,574.3615
MEC-0719,303.7031,35.4304,15.152931,268.2727
MEC-0720,238.1971,85.2206,15.004158,152.9765
MEC-0721,161.7181,13.3913,16.760826,148.3268
MEC-0722,195.2729,46.828,15.450954,148.4449
MEC-0723,218.107,72.8168,14.425993,145.2902
MEC-0724,251.168,107.3008,14.15205,143.86720000000003
MEC-0725,282.7809,131.2144,16.726971,151.56649999999996
MEC-0726,320.2183,168.3211,14.129162,151.8972
MEC-0727,353.75,143.4433,12.393951,210.3067
MEC-0728,395.2661,105.0754,13.669252,290.1907
MEC-0729,444.9832,296.4349,15.125036,148.54829999999998
MEC-0730,532.428,21.3823,15.546083,511.0457
MEC-0731,321.2419,172.9913,15.33699,148.2506
MEC-0732,321.1658,78.2588,16.580105,242.90699999999998
MEC-0733,369.293,164.9086,14.715195,204.3844
MEC-0734,325.578,36.628,16.978025,288.95
MEC-0735,231.0262,84.8315,15.683889,146.19469999999998
MEC-0736,249.784,103.7424,8.575916,146.0416
MEC-0737,198.7882,5.672,15.206814,193.1162
MEC-0738,230.804,80.3795,12.22682,150.42450000000002
MEC-0739,296.8082,146.4081,20.493031,150.4001
MEC-0740,328.4328,179.9901,15.939951,148.44269999999997
MEC-0741,363.4322,217.433,13.029099,145.99920000000003
MEC-0742,398.8578,249.6562,16.845226,149.20159999999998
MEC-0743,184.51,35.5678,12.751102,148.94219999999999
MEC-0744,273.792,131.3028,16.320229,142.48919999999998
MEC-0745,327.6668,182.9169,14.718294,144.74990000000003
MEC-0746,262.0716,156.6627,15.90395,105.40889999999999
MEC-0747,162.6203,28.8906,16.457081,133.72969999999998
MEC-0748,176.476,77.2517,12.104034,99.2243
MEC-0749,733.0103,118.727,11.897087,614.2833
MEC-0750,418.807,54.6904,11.465073,364.1166
MEC-0751,373.8711,56.4673,12.406111,317.4038
MEC-0752,174.3009,16.9308,12.953758,157.3701
MEC-0753,232.141,85.1185,15.701056,147.02249999999998
MEC-0754,297.5891,153.7764,16.550064,143.81269999999998
MEC-0755,365.0851,219.3422,15.261889,145.74290000000002
MEC-0756,406.0678,253.6144,16.202211,152.4534
MEC-0757,184.3002,40.9801,13.420105,143.3201
MEC-0758,254.169,103.2701,15.990019,150.89890000000003
MEC-0759,333.2088,184.3443,15.160084,148.8645
MEC-0760,158.4799,7.5994,15.825987,150.88049999999998
MEC-0761,236.7339,135.5627,11.785984,101.1712
MEC-0762,317.4868,212.4188,15.821218,105.06800000000001
MEC-0763,354.9087,211.4832,17.482996,143.4255
MEC-0764,115.154,10.9673,14.892101,104.1867
MEC-0765,310.6859,208.8521,12.417078,101.8338
MEC-0766,329.1278,39.9971,16.673803,289.1307
MEC-0767,242.1191,94.6431,16.219854,147.476
MEC-0768,166.6451,14.6341,17.084122,152.01100000000002
MEC-0769,193.3351,49.561,12.052059,143.7741
MEC-0770,229.0602,84.8818,12.330055,144.1784
MEC-0771,290.251,142.5776,15.179873,147.6734
MEC-0772,317.3571,171.968,6.976128,145.3891
MEC-0773,355.1939,209.9843,10.806084,145.2096
MEC-0774,397.8963,249.0022,15.121937,148.8941
MEC-0775,177.546,29.3794,15.486002,148.1666
MEC-0776,226.6419,79.4489,12.61282,147.19299999999998
MEC-0777,271.1251,121.434,12.662172,149.69109999999998
MEC-0778,312.8428,165.4398,13.86404,147.40300000000002
MEC-0779,136.584,38.5454,16.999245,98.0386
MEC-0780,194.1299,91.4347,15.292168,102.69519999999999
MEC-0781,301.2431,162.0188,11.961222,139.22430000000003
MEC-0782,220.459,116.3428,13.818979,104.1162
MEC-0783,128.9721,23.5045,17.350197,105.4676
MEC-0784,413.7542,47.3373,15.012741,366.41690000000006
MEC-0785,345.0119,178.2315,12.131929,166.78040000000001
MEC-0786,117.5151,19.942,5.419016,97.57310000000001
MEC-0787,160.351,61.4288,16.517162,98.9222
MEC-0788,190.824,89.9186,13.137102,100.90540000000001
MEC-0789,219.578,121.7577,10.66184,97.8203
MEC-0790,250.1779,148.7107,15.212774,101.46719999999999
MEC-0791,296.2692,187.8839,15.320063,108.3853
MEC-0792,334.77,230.9644,19.287586,103.80559999999997
MEC-0793,111.737,11.6968,11.996031,100.0402
MEC-0794,158.0751,56.5178,13.836145,101.5573
MEC-0795,197.8891,96.2508,14.23502,101.63830000000002
MEC-0796,246.9871,147.146,20.235062,99.84110000000001
MEC-0797,337.8081,191.534,6.340981,146.27410000000003
MEC-0798,351.352,208.3821,16.716957,142.96989999999997
MEC-0799,338.5851,188.396,14.523029,150.18910000000002
MEC-0800,350.544,205.899,46.46492,144.64499999999998
MEC-0801,370.826,31.4498,12.564898,339.37620000000004
MEC-0802,280.1638,96.585,11.746883,183.5788
MEC-0803,201.6561,51.7249,12.571096,149.93120000000002
MEC-0804,402.262,246.1188,13.772964,156.1432
MEC-0805,476.5577,268.5299,14.907837,208.0278
MEC-0806,320.544,170.8827,13.8731,149.66129999999998
MEC-0807,167.0821,19.1212,13.691902,147.96089999999998
MEC-0808,707.1021,95.3605,11.030912,611.7416
MEC-0809,406.4021,60.8149,13.381004,345.5872
MEC-0810,337.055,190.917,13.979912,146.138
MEC-0811,295.8481,144.4471,16.135931,151.40099999999998
MEC-0812,397.1281,244.1814,11.763811,152.94670000000002
MEC-0813,242.5292,95.0019,11.898041,147.5273
MEC-0814,348.676,205.43,15.611887,143.24599999999998
MEC-0815,213.001,71.1763,9.965181,141.8247
MEC-0816,310.2283,200.7251,15.450001,109.50319999999999
MEC-0817,176.9819,77.9717,13.807058,99.0102
MEC-0818,302.1142,203.7418,14.704943,98.37239999999997
MEC-0819,194.9921,96.19,14.059067,98.8021
MEC-0820,166.7368,28.3954,13.85808,138.3414
MEC-0821,285.4211,184.0057,11.534691,101.41540000000003
MEC-0822,276.9849,174.2201,9.637117,102.76479999999998
MEC-0823,255.5258,150.3205,13.17811,105.2053
MEC-0824,300.468,189.7595,14.899969,110.70850000000002
MEC-0825,307.8709,208.0934,14.117241,99.7775
MEC-0826,329.7651,214.5157,13.232946,115.24940000000001
MEC-0827,188.3237,86.0741,12.103081,102.2496
MEC-0828,304.3993,206.357,14.395952,98.04229999999998
MEC-0829,177.542,75.7394,13.589859,101.8026
MEC-0830,303.3569,200.3598,12.775898,102.99709999999999
MEC-0831,141.5479,42.6848,15.53297,98.8631
MEC-0832,247.3001,145.1004,16.078949,102.19969999999998
MEC-0833,340.7362,241.7707,14.916897,98.96549999999999
MEC-0834,188.3469,81.563,12.927055,106.7839
MEC-0835,294.2729,187.8991,10.845184,106.37379999999999
MEC-0836,140.1482,42.8622,9.032965,97.286
MEC-0837,251.6098,149.4179,12.641191,102.1919
MEC-0838,178.3509,16.4347,16.526937,161.9162
MEC-0839,242.538,120.0712,16.810656,122.4668
MEC-0840,157.037,54.6079,14.537811,102.4291
MEC-0841,163.672,65.6583,15.296936,98.0137
MEC-0842,176.1892,74.1611,14.735222,102.0281
MEC-0843,191.4768,90.8155,11.997223,100.6613
MEC-0844,209.5737,108.9716,14.834881,100.60210000000001
MEC-0845,223.259,57.8897,14.353991,165.36929999999998
MEC-0846,368.88,268.3847,15.079021,100.49529999999999
MEC-0847,228.8692,128.7344,12.001991,100.13480000000001
MEC-0848,247.4771,141.6435,14.156103,105.83360000000002
MEC-0849,245.93,143.7385,16.667128,102.19150000000002
MEC-0850,269.4058,156.2147,14.564276,113.1911
MEC-0851,289.6211,149.1859,12.424231,140.4352
MEC-0852,316.2129,216.6042,15.249968,99.6087
MEC-0853,104.0261,5.3658,14.049053,98.6603
MEC-0854,210.737,113.6475,12.802839,97.0895
MEC-0855,316.9463,214.705,15.516043,102.2413
MEC-0856,131.4161,34.1208,16.936064,97.2953
MEC-0857,207.372,107.8963,16.395092,99.47570000000002
MEC-0858,284.7722,184.3026,14.104128,100.46959999999999
MEC-0859,102.294,1.6606,16.471863,100.6334
MEC-0860,161.3863,56.5932,13.602257,104.79310000000001
MEC-0861,218.313,120.5623,12.745142,97.7507
MEC-0862,267.0641,167.3834,14.012814,99.6807
MEC-0863,99.5731,1.9817,11.922836,97.5914
MEC-0864,189.7979,89.2088,15.341759,100.5891
MEC-0865,278.0359,176.9147,14.92691,101.12120000000002
MEC-0866,118.1648,19.9065,12.952805,98.25829999999999
MEC-0867,351.486,210.4907,14.92095,140.9953
MEC-0868,654.1512,26.6416,14.631033,627.5096
MEC-0869,585.9542,5.1544,16.983032,580.7998
MEC-0870,762.4559,104.8419,15.812874,657.614
MEC-0871,1083.9188,29.5691,16.753197,1054.3497
MEC-0872,1016.82,71.3441,16.285896,945.4759
MEC-0873,538.939,20.9126,14.96911,518.0264
MEC-0874,333.1342,165.2329,15.779972,167.90130000000002
MEC-0875,262.2008,111.6638,12.657881,150.53700000000003
MEC-0876,282.9111,135.731,16.532898,147.18009999999998
MEC-0877,239.711,85.2654,14.973879,154.4456
MEC-0878,290.9031,140.569,12.331009,150.3341
MEC-0879,226.2678,77.6169,12.485266,148.65089999999998
MEC-0880,258.5621,113.4877,14.145136,145.07439999999997
MEC-0881,303.5851,160.9755,17.216921,142.6096
MEC-0882,345.242,244.5223,16.177177,100.71970000000002
MEC-0883,132.6189,29.7525,15.868187,102.8664
MEC-0884,176.1248,76.9782,14.801025,99.14659999999999
MEC-0885,329.911,172.1294,15.814066,157.7816
MEC-0886,378.7341,232.3544,6.186008,146.3797
MEC-0887,175.2658,74.0011,16.458988,101.26470000000002
MEC-0888,141.7899,39.6287,15.538216,102.16119999999998
MEC-0889,126.0381,23.6127,14.276743,102.4254
MEC-0890,209.9571,104.712,16.927958,105.2451
MEC-0891,294.9121,77.9128,15.328884,216.9993
MEC-0892,373.6439,132.2346,14.208078,241.40929999999997
MEC-0893,466.944,318.573,16.34717,148.37100000000004
MEC-0894,304.3699,60.8275,16.12401,243.5424
MEC-0895,395.5567,245.2741,15.166044,150.28259999999997
MEC-0896,240.7849,47.6899,12.809038,193.095
MEC-0897,333.3881,139.6093,17.639875,193.77880000000002
MEC-0898,198.6072,46.3705,12.648821,152.2367
MEC-0899,332.979,170.1756,14.626026,162.80339999999998
MEC-0900,190.4781,42.3675,13.517141,148.1106
MEC-0901,126.0941,24.0521,12.848854,102.042
MEC-0902,112.1433,12.5742,12.268782,99.56909999999999
MEC-0903,299.0429,196.5895,13.46302,102.45339999999999
MEC-0904,349.4153,236.732,15.77878,112.6833
MEC-0905,365.3319,67.9326,18.586159,297.39930000000004
MEC-0906,387.356,231.7975,11.511087,155.55849999999998
MEC-0907,146.26,29.8758,14.900208,116.38419999999999
MEC-0908,169.174,59.9704,19.322872,109.20360000000001
MEC-0909,185.3139,85.012,13.875008,100.30189999999999
MEC-0910,245.995,142.7159,15.130043,103.2791
MEC-0911,299.6111,198.0526,12.408257,101.55850000000001
MEC-0912,362.3209,251.7939,8.202076,110.52699999999999
MEC-0913,167.0458,62.2211,12.897015,104.8247
MEC-0914,345.674,228.5779,14.574051,117.09609999999998
MEC-0915,332.4771,226.7227,14.94813,105.7544
MEC-0916,246.3391,141.4485,15.994072,104.8906
MEC-0917,345.2239,236.0122,17.066956,109.21170000000001
MEC-0918,271.3211,165.4556,16.841888,105.8655
MEC-0919,185.1821,77.9757,14.950991,107.20639999999999
MEC-0920,194.7231,94.5067,11.857271,100.2164
MEC-0921,214.8502,107.127,12.858152,107.7232
MEC-0922,237.2339,127.2919,7.499933,109.94200000000001
MEC-0923,250.3219,150.8777,14.200926,99.4442
MEC-0924,267.6401,168.8278,15.167952,98.81230000000002
MEC-0925,289.747,189.852,13.447046,99.89500000000001
MEC-0926,312.9599,213.2103,13.669014,99.74960000000002
MEC-0927,337.4121,236.9127,15.226126,100.49940000000001
MEC-0928,111.2189,2.1212,15.253067,109.0977
MEC-0929,144.8152,39.8951,15.798092,104.9201
MEC-0930,192.5738,88.6278,13.489962,103.94600000000001
MEC-0931,225.1868,119.0217,13.097048,106.16510000000001
MEC-0932,282.3462,170.1922,14.486074,112.154
MEC-0933,309.4709,168.0679,4.491091,141.40299999999996
MEC-0934,358.5231,256.5074,16.327143,102.01569999999998
MEC-0935,149.9159,42.084,9.560108,107.83189999999999
MEC-0936,193.011,91.3403,11.287689,101.6707
MEC-0937,252.0461,148.092,15.455008,103.95409999999998
MEC-0938,306.2861,203.9466,14.839172,102.33949999999999
MEC-0939,112.3922,3.4368,15.203238,108.9554
MEC-0940,169.4589,62.4428,14.435053,107.0161
MEC-0941,238.625,127.218,14.413834,111.407
MEC-0942,299.4282,188.2286,14.211178,111.1996
MEC-0943,129.678,22.4044,14.099836,107.2736
MEC-0944,293.3691,189.472,16.179085,103.8971
MEC-0945,743.0491,204.006,13.138771,539.0431
MEC-0946,755.1372,133.2905,15.571117,621.8467
MEC-0947,259.3992,21.4195,14.391899,237.9797
MEC-0948,278.0502,116.6778,14.169931,161.37240000000003
MEC-0949,197.8519,46.504,11.399031,151.3479
MEC-0950,209.3329,58.9159,15.078306,150.417
MEC-0951,163.2237,14.1504,15.14411,149.07330000000002
MEC-0952,191.6049,43.9405,14.508963,147.6644
MEC-0953,507.7791,81.6648,14.019966,426.1143
MEC-0954,286.2401,136.7738,5.309343,149.4663
MEC-0955,374.2039,118.9268,15.414,255.27709999999996
MEC-0956,158.6988,7.0891,14.814854,151.6097
MEC-0957,211.4129,64.059,12.588024,147.3539
MEC-0958,249.0559,100.8589,16.541958,148.197
MEC-0959,327.6508,173.501,11.99007,154.1498
MEC-0960,183.4643,32.023,13.453007,151.4413
MEC-0961,405.884,263.0687,14.101982,142.81530000000004
MEC-0962,192.261,43.7648,15.322924,148.4962
MEC-0963,258.6932,149.9166,13.289928,108.7766
MEC-0964,341.7892,242.0483,11.913061,99.74089999999998
MEC-0965,158.3261,59.6483,13.296843,98.67779999999999
MEC-0966,192.616,89.0093,12.567997,103.60670000000002
MEC-0967,245.9068,144.2461,14.816999,101.66069999999999
MEC-0968,321.9981,221.4231,8.497,100.57500000000002
MEC-0969,199.3442,99.9022,12.806177,99.44200000000001
MEC-0970,205.5538,107.9297,12.733936,97.6241
MEC-0971,207.8321,108.9242,9.473085,98.9079
MEC-0972,233.602,128.9692,14.404058,104.6328
MEC-0973,248.5268,38.7659,18.651724,209.7609
MEC-0974,571.1079,52.2819,14.793158,518.826
MEC-0975,346.9157,93.8945,15.108824,253.02120000000002
MEC-0976,362.9701,217.351,14.250994,145.6191
MEC-0977,364.8012,219.8465,14.979839,144.9547
MEC-0978,374.6428,230.02,15.134335,144.6228
MEC-0979,343.823,199.0268,15.647173,144.79619999999997
MEC-0980,347.616,199.3663,18.066883,148.2497
MEC-0981,319.6993,174.2914,13.435125,145.40789999999998
MEC-0982,384.7752,174.9494,12.83288,209.8258
MEC-0983,241.3752,92.6719,6.173849,148.7033
MEC-0984,354.064,207.9587,14.457941,146.10530000000003
MEC-0985,207.2251,61.9988,13.701916,145.22629999999998
MEC-0986,283.5541,138.8803,15.814781,144.6738
MEC-0987,367.8987,224.6625,14.476061,143.23620000000003
MEC-0988,235.8761,90.0676,14.753819,145.8085
MEC-0989,353.5221,205.3735,16.986132,148.14860000000002
MEC-0990,219.511,74.9803,17.1628,144.5307
MEC-0991,106.9179,8.2161,15.972853,98.7018
MEC-0992,255.1911,155.4592,14.822721,99.7319
MEC-0993,135.2808,35.5289,14.350176,99.7519
MEC-0994,333.317,234.1311,15.075207,99.1859
MEC-0995,259.9301,159.1821,15.768051,100.74799999999999
MEC-0996,480.4862,255.2004,10.484934,225.2858
MEC-0997,161.0432,19.7754,14.626026,141.26780000000002
MEC-0998,133.8432,33.2386,13.532162,100.6046
MEC-0999,178.4132,79.7706,13.576269,98.64259999999999
MEC-1000,220.346,122.8542,12.022018,97.4918
MEC-1001,262.5,166.8222,15.8391,95.67779999999999
MEC-1002,314.0769,175.2932,16.340971,138.7837
MEC-1003,104.5003,7.1373,15.532017,97.363
MEC-1004,161.2461,56.4477,15.268087,104.79840000000002
MEC-1005,217.608,113.533,27.847767,104.075
MEC-1006,262.6519,162.6449,13.626099,100.007
MEC-1007,320.5199,182.9479,15.15913,137.572
MEC-1008,123.7488,28.8818,6.586075,94.867
MEC-1009,267.4339,164.0341,15.714884,103.3998
MEC-1010,182.5473,43.6583,14.759779,138.889
MEC-1011,353.971,256.501,14.740944,97.47000000000003
MEC-1012,265.6541,166.3976,13.329744,99.25650000000002
MEC-1013,283.5581,184.3476,14.780998,99.21050000000002
MEC-1014,305.4581,95.0725,13.094187,210.3856
MEC-1015,235.1167,135.205,12.851954,99.9117
MEC-1016,196.3758,89.9301,13.550997,106.4457
MEC-1017,216.0981,116.8869,12.980938,99.21119999999999
MEC-1018,268.4901,147.9378,14.124155,120.55229999999997
MEC-1019,279.011,139.3974,16.072989,139.61360000000002
MEC-1020,316.9019,214.2084,5.223989,102.6935
MEC-1021,349.9746,216.8455,13.369799,133.12910000000002
MEC-1022,138.8171,36.2976,13.179064,102.51950000000001
MEC-1023,182.6689,82.0558,16.34407,100.6131
MEC-1024,228.2431,128.9928,14.378309,99.25030000000001
MEC-1025,272.2511,175.8201,10.118961,96.43100000000001
MEC-1026,323.6208,185.7672,13.612747,137.85359999999997
MEC-1027,122.1049,18.1284,15.231133,103.9765
MEC-1028,281.199,177.7167,14.061928,103.48230000000001
MEC-1029,152.4739,52.8438,15.49387,99.63009999999998
MEC-1030,226.9609,20.927,16.584396,206.03390000000002
MEC-1031,152.509,8.327,13.611078,144.182
MEC-1032,97.1088,0.0792,14.211178,97.0296
MEC-1033,126.298,27.7915,13.985872,98.5065
MEC-1034,163.805,66.1972,15.048981,97.60780000000001
MEC-1035,195.04,96.3209,13.81588,98.7191
MEC-1036,236.2912,128.1478,14.14299,108.14340000000001
MEC-1037,276.0308,177.7229,13.988256,98.30789999999999
MEC-1038,314.744,176.6925,15.074968,138.05150000000003
MEC-1039,102.7808,1.1194,11.952162,101.6614
MEC-1040,146.4279,47.9615,13.550043,98.4664
MEC-1041,184.4223,83.3597,15.342236,101.0626
MEC-1042,231.359,131.2182,14.86516,100.14080000000001
MEC-1043,384.3632,285.0075,7.71904,99.35570000000001
MEC-1044,201.647,102.2458,11.482,99.40119999999999
MEC-1045,117.7769,20.159,8.924007,97.61789999999999
MEC-1046,230.052,125.9291,10.889053,104.12289999999999
MEC-1047,146.5862,45.0556,15.258789,101.53059999999999
MEC-1048,104.3348,4.7712,15.165091,99.56360000000001
MEC-1049,308.5401,208.5586,14.792919,99.98149999999998
MEC-1050,255.1548,156.7535,14.624119,98.40129999999999
MEC-1051,292.5489,189.9731,15.53297,102.57580000000002
MEC-1052,335.9611,238.0488,12.871981,97.91229999999999
MEC-1053,126.0469,29.2242,15.480757,96.8227
MEC-1054,142.7608,38.8699,13.397217,103.89089999999999
MEC-1055,189.1062,90.1246,15.42902,98.9816
MEC-1056,227.5028,122.9777,14.631987,104.52510000000001
MEC-1057,278.4719,180.2268,7.098913,98.24510000000001
MEC-1058,327.8451,230.3014,14.38117,97.5437
MEC-1059,108.8448,7.5147,14.654875,101.3301
MEC-1060,159.6839,58.3432,17.013073,101.3407
MEC-1061,206.9759,105.8364,15.105009,101.1395
MEC-1062,263.9821,155.7164,12.187719,108.26570000000001
MEC-1063,315.5379,172.4064,11.0569,143.1315
MEC-1064,353.9479,215.5032,12.733936,138.4447
MEC-1065,147.434,48.352,13.626814,99.082
MEC-1066,270.5421,164.5803,15.990019,105.96180000000001
MEC-1067,197.737,94.5857,14.197111,103.15129999999999
MEC-1068,290.462,192.74,14.958858,97.72199999999998
MEC-1069,315.1469,214.2682,15.326262,100.87870000000001
MEC-1070,331.3401,228.5721,16.611099,102.768
MEC-1071,347.8661,248.9605,4.590988,98.90560000000002
MEC-1072,277.8008,180.4578,14.66608,97.34299999999999
MEC-1073,315.8498,216.646,15.440702,99.20380000000003
MEC-1074,352.9351,251.1904,17.650366,101.74469999999997
MEC-1075,279.2859,178.5333,15.786886,100.75260000000003
MEC-1076,311.903,213.6519,14.564276,98.25110000000001
MEC-1077,345.7339,244.6058,15.721798,101.12810000000002
MEC-1078,123.265,22.6414,15.448093,100.6236
MEC-1079,159.5531,55.7308,13.339996,103.8223
MEC-1080,199.502,98.5701,16.751051,100.93190000000001
MEC-1081,252.4459,153.8525,15.463829,98.5934
MEC-1082,298.1021,167.536,16.129017,130.5661
MEC-1083,102.1662,2.6538,15.722036,99.5124
MEC-1084,150.96,52.0043,11.345863,98.95570000000001
MEC-1085,195.709,91.634,14.533997,104.075
MEC-1086,155.8199,59.108,13.798237,96.71189999999999
MEC-1087,124.0659,16.4735,15.960693,107.5924
MEC-1088,163.686,64.1303,15.255928,99.5557
MEC-1089,123.1117,25.8415,14.439106,97.2702
MEC-1090,303.7431,204.6192,14.050007,99.12390000000002
MEC-1091,175.4329,77.8017,15.979052,97.63119999999999
MEC-1092,256.8612,156.2979,16.04104,100.5633
MEC-1093,342.5348,201.2413,14.992237,141.29350000000002
MEC-1094,171.0362,70.2369,13.553143,100.7993
MEC-1095,177.5701,77.5757,9.976149,99.9944
MEC-1096,169.3561,71.4118,18.531084,97.9443
MEC-1097,175.7712,76.787,15.320063,98.98419999999999
MEC-1098,167.4471,70.7021,14.308929,96.745
MEC-1099,287.854,159.7784,15.928984,128.07559999999998
MEC-1100,106.0741,3.8249,13.69381,102.2492
MEC-1101,205.26,106.7731,15.428782,98.48689999999999
MEC-1102,315.3069,215.5557,15.771151,99.75119999999998
MEC-1103,166.3907,67.8146,13.736248,98.57610000000001
MEC-1104,275.399,169.4443,12.97164,105.9547
MEC-1105,129.132,31.2512,12.922764,97.88080000000001
MEC-1106,233.573,137.2914,16.253233,96.2816
MEC-1107,253.0921,153.4071,15.24806,99.68499999999997
MEC-1108,276.3958,177.3901,16.144753,99.00570000000002
MEC-1109,151.6089,48.3851,15.660048,103.22380000000001
MEC-1110,188.8552,91.3813,17.423868,97.4739
MEC-1111,228.73,128.7148,12.775183,100.0152
MEC-1112,260.0057,161.8931,15.923977,98.11259999999999
MEC-1113,296.536,174.6299,15.464067,121.90610000000001
MEC-1114,440.691,223.2749,15.223265,217.41609999999997
MEC-1115,334.3771,226.5544,14.909029,107.8227
MEC-1116,207.7429,103.4436,16.52503,104.29929999999999
MEC-1117,354.3489,257.2174,14.340878,97.13150000000002
MEC-1118,247.016,150.0726,7.194996,96.9434
MEC-1119,142.6764,43.1349,15.93399,99.5415
MEC-1120,294.1952,188.158,17.236233,106.03720000000001
MEC-1121,189.8782,90.0915,12.988091,99.7867
MEC-1122,348.8822,249.5182,14.159203,99.364
MEC-1123,255.2059,152.6699,15.685081,102.536
MEC-1124,163.4481,66.6265,13.422966,96.82160000000002
MEC-1125,355.171,254.1969,15.198231,100.97409999999999
MEC-1126,107.137,6.6152,13.386965,100.5218
MEC-1127,302.4299,200.6462,13.355017,101.78369999999998
MEC-1128,208.7688,110.733,7.613182,98.0358
MEC-1129,224.2768,119.6945,16.772985,104.5823
MEC-1130,516.2158,147.8131,19.724846,368.4027
MEC-1131,807.0347,6.8059,11.716127,800.2288000000001
MEC-1132,737.149,44.5983,13.672113,692.5507
MEC-1133,510.17,92.557,13.654947,417.613
MEC-1134,429.651,167.3033,13.087034,262.34770000000003
MEC-1135,457.4659,105.3176,17.271042,352.14829999999995
MEC-1136,225.9669,36.6814,11.839151,189.2855
MEC-1137,258.9149,111.6352,15.480042,147.2797
MEC-1138,293.679,146.5216,15.270948,147.15739999999997
MEC-1139,329.7989,181.9384,14.50491,147.8605
MEC-1140,365.097,215.1308,13.637066,149.9662
MEC-1141,410.0332,250.2289,15.412092,159.8043
MEC-1142,452.374,225.8973,15.621185,226.47670000000002
MEC-1143,480.1579,232.3065,18.428087,247.85139999999998
MEC-1144,514.2739,213.7697,8.326054,300.5042
MEC-1145,467.4811,150.5978,16.89291,316.8833
MEC-1146,547.262,50.4117,13.945103,496.85029999999995
MEC-1147,247.5228,0.8333,13.943911,246.68949999999998
MEC-1148,315.9082,166.3954,13.989925,149.51280000000003
MEC-1149,371.736,226.8331,12.235165,144.9029
MEC-1150,185.5061,36.9785,16.625881,148.5276
MEC-1151,272.9931,129.2477,12.18915,143.74540000000002
MEC-1152,346.9722,198.71,12.921095,148.26219999999998
MEC-1153,160.7521,16.2394,13.679028,144.51270000000002
MEC-1154,252.0347,106.4067,14.073849,145.628
MEC-1155,411.535,26.8252,10.401011,384.70980000000003
MEC-1156,241.4801,91.9445,13.188124,149.5356
MEC-1157,332.3131,188.4787,12.781858,143.83440000000002
MEC-1158,371.0463,227.7052,17.901182,143.34109999999998
MEC-1159,387.7871,243.1626,14.668226,144.6245
MEC-1160,289.3622,137.6958,12.816191,151.66639999999998
MEC-1161,296.447,193.4135,14.204979,103.0335
MEC-1162,311.2991,211.8192,20.771265,99.47990000000001
MEC-1163,223.8731,126.447,10.91814,97.42609999999999
MEC-1164,134.835,35.3723,16.704082,99.46270000000001
MEC-1165,333.425,233.4058,14.477253,100.01920000000001
MEC-1166,104.7549,3.0332,12.389183,101.72170000000001
MEC-1167,154.5539,2.2314,12.155056,152.3225
MEC-1168,188.4143,37.4608,13.225079,150.9535
MEC-1169,223.9749,81.6548,14.95409,142.3201
MEC-1170,584.2018,160.327,14.428854,423.87480000000005
MEC-1171,359.283,163.686,12.354136,195.597
MEC-1172,144.8569,0.093,11.929035,144.7639
MEC-1173,271.019,120.8992,11.683941,150.1198
MEC-1174,187.1343,44.3425,13.490915,142.7918
MEC-1175,335.5911,236.9018,14.658213,98.68929999999997
MEC-1176,115.3531,11.2987,15.326977,104.0544
MEC-1177,142.8871,40.761,15.054941,102.12610000000001
MEC-1178,169.0669,67.0764,12.886763,101.9905
MEC-1179,201.6859,99.8111,4.90284,101.87480000000001
MEC-1180,313.7391,215.0333,16.216755,98.70580000000001
MEC-1181,270.0562,173.5229,14.572144,96.5333
MEC-1182,312.427,172.6384,15.694857,139.78860000000003
MEC-1183,349.0748,247.0953,15.431881,101.97949999999997
MEC-1184,144.875,36.8741,14.690876,108.0009
MEC-1185,181.1309,78.434,15.618086,102.6969
MEC-1186,265.8648,166.4016,15.464067,99.4632
MEC-1187,177.6989,38.9853,13.946056,138.7136
MEC-1188,198.0751,96.4565,11.467934,101.61859999999999
MEC-1189,219.9132,117.6062,12.637854,102.30699999999999
MEC-1190,236.7339,139.0467,12.416124,97.68720000000002
MEC-1191,266.9067,167.2804,14.529943,99.62630000000001
MEC-1192,281.1899,145.1955,14.11891,135.9944
MEC-1193,308.5339,94.1279,16.259193,214.406
MEC-1194,339.7939,98.947,17.364979,240.8469
MEC-1195,120.5459,14.1299,14.770985,106.416
MEC-1196,148.1202,50.4863,15.069008,97.63390000000001
MEC-1197,176.3072,75.3686,15.152931,100.9386
MEC-1198,211.5178,106.3168,12.844801,105.201
MEC-1199,223.309,115.1915,15.094042,108.11749999999999
MEC-1200,125.6042,28.4266,14.640808,97.17760000000001
MEC-1201,139.3089,40.4196,12.744904,98.88929999999999
MEC-1202,161.797,65.0465,16.152143,96.7505
MEC-1203,184.032,84.1072,14.008999,99.9248
MEC-1204,480.4387,82.1404,12.413025,398.2983
MEC-1205,246.5751,143.1322,15.770912,103.44289999999998
MEC-1206,276.406,174.4184,13.787985,101.98760000000001
MEC-1207,333.1511,234.7424,13.859987,98.40869999999998
MEC-1208,104.4497,8.342,12.495041,96.10770000000001
MEC-1209,348.0849,248.1785,12.897968,99.90639999999999
MEC-1210,270.8759,167.1841,14.284134,103.6918
MEC-1211,185.5459,84.6786,15.448093,100.86729999999999
MEC-1212,210.0313,111.5584,15.491009,98.47289999999998
MEC-1213,134.341,35.4974,14.727116,98.84360000000001
MEC-1214,193.3551,93.6644,15.784979,99.69069999999999
MEC-1215,230.5319,128.2442,14.923096,102.2877
MEC-1216,267.9789,169.5712,12.123346,98.4077
MEC-1217,303.6408,166.8358,15.261889,136.805
MEC-1218,343.0417,244.6313,15.84363,98.41039999999998
MEC-1219,121.299,22.4602,15.923023,98.8388
MEC-1220,161.0692,59.9239,15.419245,101.14529999999999
MEC-1221,211.8731,112.4914,15.225887,99.3817
MEC-1222,254.998,153.2404,5.683899,101.7576
MEC-1223,306.9799,170.7933,12.743235,136.1866
MEC-1224,385.1449,233.4564,12.877703,151.6885
MEC-1225,149.215,5.0008,16.456842,144.2142
MEC-1226,339.087,192.7454,17.141104,146.3416
MEC-1227,334.9369,192.5592,17.704964,142.37769999999998
MEC-1228,206.5761,56.1335,12.860298,150.4426
MEC-1229,238.4982,90.8542,16.360044,147.644
MEC-1230,281.5542,134.6686,16.071081,146.88559999999998
MEC-1231,316.8766,172.9569,16.096115,143.9197
MEC-1232,102.4179,2.3715,14.554739,100.0464
MEC-1233,149.3781,48.5904,14.6451,100.78769999999999
MEC-1234,193.7802,90.9157,14.916897,102.8645
MEC-1235,235.9972,22.0892,14.698982,213.908
MEC-1236,286.166,46.037,16.052961,240.129
MEC-1237,333.6239,188.4358,16.144991,145.1881
MEC-1238,391.3043,245.224,15.255213,146.08030000000002
MEC-1239,190.922,48.8334,15.761852,142.08859999999999
MEC-1240,323.8659,180.5217,12.977839,143.3442
MEC-1241,336.7031,193.1763,13.036966,143.5268
MEC-1242,185.096,86.6501,16.58988,98.44590000000001
MEC-1243,112.119,13.2048,16.903877,98.9142
MEC-1244,301.4963,201.9956,12.535095,99.50070000000002
MEC-1245,232.137,128.7644,13.983011,103.3726
MEC-1246,267.6151,170.1124,17.415047,97.50269999999998
MEC-1247,306.8841,166.569,15.249014,140.3151
MEC-1248,348.48,248.5416,11.738062,99.93840000000003
MEC-1249,392.0388,291.7228,12.886047,100.31599999999997
MEC-1250,431.607,75.495,16.712189,356.112
MEC-1251,226.5952,82.3228,14.454126,144.2724
MEC-1252,279.021,136.4398,13.532877,142.58120000000002
MEC-1253,324.9731,179.4281,17.392159,145.545
MEC-1254,382.1809,228.6541,15.058994,153.5268
MEC-1255,178.9382,29.2983,7.993698,149.63989999999998
MEC-1256,247.2203,102.1335,16.20698,145.0868
MEC-1257,309.3739,211.1232,16.569853,98.2507
MEC-1258,227.529,88.4564,16.577721,139.0726
MEC-1259,237.6499,140.3251,15.069962,97.32480000000001
MEC-1260,247.715,127.0332,16.638041,120.68180000000001
MEC-1261,260.5472,158.9284,15.117884,101.61879999999996
MEC-1262,275.4951,137.0733,14.191866,138.4218
MEC-1263,278.4102,181.1755,13.568163,97.23469999999998
MEC-1264,451.906,353.0612,10.37097,98.84480000000002
MEC-1265,149.9262,6.9609,5.032063,142.96529999999998
MEC-1266,343.2908,200.8123,15.825987,142.4785
MEC-1267,356.1108,253.6328,15.99884,102.47799999999998
MEC-1268,123.0268,12.6827,16.398907,110.3441
MEC-1269,322.751,223.3562,12.364149,99.39479999999998
MEC-1270,242.6419,139.1244,13.55195,103.51749999999998
MEC-1271,271.3542,173.0537,15.938759,98.3005
MEC-1272,208.102,107.9607,15.377045,100.1413
MEC-1273,133.4941,36.6173,15.175343,96.8768
MEC-1274,165.0188,65.4445,14.246941,99.5743
MEC-1275,200.429,101.1536,16.172886,99.2754
MEC-1276,230.3421,130.6403,15.154123,99.70179999999999
MEC-1277,269.6409,169.4627,15.526056,100.17819999999998
MEC-1278,300.8621,162.1871,13.650179,138.675
MEC-1279,341.0373,244.1528,11.443138,96.8845
MEC-1280,128.6731,28.141,14.80794,100.53210000000001
MEC-1281,178.1859,78.2282,14.934063,99.9577
MEC-1282,231.7281,131.7372,13.578892,99.99090000000001
MEC-1283,279.8669,182.2758,8.275032,97.59109999999998
MEC-1284,322.6142,223.2714,14.507055,99.34279999999998
MEC-1285,321.718,181.8097,15.69581,139.90830000000003
MEC-1286,322.7191,222.2984,14.188051,100.42070000000004
MEC-1287,243.0608,140.3353,14.066935,102.72550000000001
MEC-1288,153.9109,45.0666,16.371965,108.8443
MEC-1289,116.3771,20.0379,15.863657,96.3392
MEC-1290,464.0868,39.1519,14.6873,424.93489999999997
MEC-1291,242.3098,91.0027,16.821861,151.3071
MEC-1292,563.1542,162.9858,14.914751,400.1683999999999
MEC-1293,346.9272,154.3272,15.90085,192.60000000000002
MEC-1294,387.028,238.9665,12.940645,148.06150000000002
MEC-1295,431.8111,281.5199,16.318083,150.2912
MEC-1296,472.2619,266.4185,14.768124,205.84340000000003
MEC-1297,243.68,96.8857,12.619972,146.79430000000002
MEC-1298,349.4132,205.5352,15.965939,143.87800000000001
MEC-1299,263.6931,161.8471,15.788078,101.846
MEC-1300,189.743,86.4766,14.480829,103.26639999999999
MEC-1301,109.3531,6.3753,13.436794,102.9778
MEC-1302,323.8988,219.5611,14.032125,104.33769999999998
MEC-1303,352.8059,251.2896,14.780998,101.5163
MEC-1304,123.4102,25.6865,15.712976,97.72370000000001
MEC-1305,162.014,60.318,16.680956,101.69600000000001
MEC-1306,191.8588,94.3758,13.390064,97.483
MEC-1307,227.7701,127.0831,16.34407,100.68700000000001
MEC-1308,263.519,166.6484,14.399052,96.8706
MEC-1309,310.6699,169.8394,11.454105,140.83049999999997
MEC-1310,353.296,250.1237,16.672134,103.17229999999998
MEC-1311,145.5119,36.8204,13.345957,108.69149999999999
MEC-1312,186.2299,86.8402,13.284206,99.38969999999999
MEC-1313,282.131,183.207,12.444973,98.92399999999998
MEC-1314,195.116,56.1125,16.11495,139.00350000000003
MEC-1315,120.0221,14.7665,15.807152,105.25559999999999
MEC-1316,312.397,210.7437,16.861916,101.6533
MEC-1317,236.1069,136.1744,15.535831,99.9325
MEC-1318,271.9522,175.7126,15.559196,96.2396
MEC-1319,301.7647,164.2895,16.223907,137.4752
MEC-1320,329.8011,232.0118,13.799191,97.78930000000003
MEC-1321,115.9649,16.3739,14.833212,99.59100000000001
MEC-1322,159.3733,55.9337,16.537189,103.4396
MEC-1323,540.5328,14.42,14.405966,526.1128
MEC-1324,327.5216,111.5687,16.253948,215.95289999999997
MEC-1325,373.1339,226.0287,14.51993,147.1052
MEC-1326,175.7121,24.4706,15.778065,151.2415
MEC-1327,312.799,213.083,15.305042,99.71599999999998
MEC-1328,330.4889,228.9207,14.604807,101.56819999999999
MEC-1329,251.6611,151.9706,16.864061,99.69050000000001
MEC-1330,169.3029,66.0589,13.590097,103.244
MEC-1331,117.058,17.9303,16.514063,99.1277
MEC-1332,349.7479,249.2812,16.599894,100.4667
MEC-1333,424.4149,31.3008,10.853052,393.1141
MEC-1334,464.5109,234.2045,14.087915,230.3064
MEC-1335,248.2588,12.1253,10.113001,236.1335
MEC-1336,289.557,142.9174,14.604092,146.63960000000003
MEC-1337,338.716,192.4758,12.035131,146.24020000000002
MEC-1338,386.1392,240.3123,16.444206,145.82690000000002
MEC-1339,436.177,291.5134,15.343189,144.66360000000003
MEC-1340,485.554,79.417,18.89205,406.13699999999994
MEC-1341,291.28,147.9535,13.282061,143.32649999999998
MEC-1342,365.5291,155.6547,14.556885,209.87440000000004
MEC-1343,287.967,136.5836,12.240887,151.3834
MEC-1344,201.6718,43.9062,13.633013,157.7656
MEC-1345,154.7432,9.7692,14.363289,144.974
MEC-1346,361.4311,217.71,16.291857,143.7211
MEC-1347,286.562,139.5686,16.059875,146.9934
MEC-1348,254.9901,14.3037,12.860775,240.68640000000002
MEC-1349,194.7761,49.0768,16.539097,145.69930000000002
MEC-1350,245.471,97.6827,16.15715,147.7883
MEC-1351,289.9802,138.9678,15.170097,151.0124
MEC-1352,336.87,192.0772,16.520023,144.7928
MEC-1353,392.4971,248.1484,15.969992,144.34869999999998
MEC-1354,289.115,191.8957,22.78018,97.2193
MEC-1355,245.6782,109.6764,15.64312,136.0018
MEC-1356,215.3821,110.0962,18.213034,105.28590000000001
MEC-1357,189.867,91.722,16.321659,98.145
MEC-1358,176.8239,79.9305,16.885042,96.89340000000001
MEC-1359,160.6939,55.537,9.330988,105.15690000000001
MEC-1360,140.867,37.2033,16.649961,103.66369999999999
MEC-1361,142.2021,44.8179,15.800953,97.38419999999999
MEC-1362,160.7499,63.1201,13.444185,97.62979999999999
MEC-1363,266.988,168.1137,16.839027,98.8743
MEC-1364,118.2289,15.919,15.157938,102.3099
MEC-1365,240.2039,139.0073,14.780045,101.19660000000002
MEC-1366,102.8659,6.0558,17.138958,96.81009999999999
MEC-1367,232.3871,132.956,14.508724,99.43110000000001
MEC-1368,342.485,240.2132,17.05122,102.27180000000001
MEC-1369,194.241,92.5875,17.246962,101.65350000000001
MEC-1370,314.5318,218.5564,18.88299,95.97539999999998
MEC-1371,182.8244,78.6138,6.102085,104.2106
MEC-1372,297.9701,201.3566,11.019945,96.61350000000002
MEC-1373,330.0791,231.972,10.105848,98.10709999999997
MEC-1374,248.5621,109.5281,7.415056,139.034
MEC-1375,255.095,158.5872,17.581224,96.5078
MEC-1376,178.7629,45.764,11.879206,132.9989
MEC-1377,122.0579,24.3077,18.679142,97.7502
MEC-1378,306.3159,206.3239,11.126995,99.99199999999999
MEC-1379,236.4011,139.9758,5.727053,96.42530000000002
MEC-1380,171.1349,74.4708,16.360998,96.66409999999999
MEC-1381,109.4089,8.9343,19.329071,100.47460000000001
MEC-1382,156.0991,55.0823,14.486074,101.01679999999999
MEC-1383,203.4187,103.3871,15.640974,100.0316
MEC-1384,252.3971,153.7623,22.382975,98.63479999999998
MEC-1385,298.3482,162.5102,9.041071,135.83800000000002
MEC-1386,344.599,236.8779,8.397102,107.72109999999998
MEC-1387,202.0979,84.8536,4.64797,117.24430000000001
MEC-1388,259.4643,13.3648,6.061792,246.09949999999998
MEC-1389,318.4991,124.1856,6.273985,194.3135
MEC-1390,378.607,234.9153,7.44009,143.69170000000003
MEC-1391,184.324,25.0978,14.044285,159.2262
MEC-1392,287.73,144.2299,12.240887,143.50010000000003
MEC-1393,217.5031,67.2617,10.466814,150.2414
MEC-1394,414.8691,207.9332,12.897015,206.9359
MEC-1395,336.5109,137.763,7.895708,198.7479
MEC-1396,365.449,220.5503,17.457962,144.89870000000002
MEC-1397,396.2801,247.623,4.257202,148.6571
MEC-1398,170.295,22.5899,9.007931,147.7051
MEC-1399,202.6002,56.3557,10.068893,146.24450000000002
MEC-1400,237.6237,96.6601,5.271196,140.9636
MEC-1401,281.45,140.1935,13.900995,141.2565
MEC-1402,328.1088,180.8646,8.608103,147.24419999999998
MEC-1403,376.2848,234.376,18.932104,141.9088
MEC-1404,413.7559,42.053,15.758991,371.7029
MEC-1405,458.7009,142.9157,11.92975,315.78520000000003
MEC-1406,521.5197,300.8454,18.032074,220.67429999999996
MEC-1407,383.785,239.6715,13.07106,144.11350000000002
MEC-1408,400.9202,252.306,10.253191,148.6142
MEC-1409,426.0769,167.989,16.884089,258.0879
MEC-1410,194.3293,47.0293,15.511751,147.29999999999998
MEC-1411,209.7549,64.3563,14.512777,145.3986
MEC-1412,235.6248,93.1768,8.846998,142.44799999999998
MEC-1413,262.4559,115.71,6.665945,146.7459
MEC-1414,286.0639,143.059,8.848906,143.0049
MEC-1415,325.599,170.5725,9.433031,155.0265
MEC-1416,346.719,203.9177,17.395973,142.8013
MEC-1417,384.9251,235.7984,14.361858,149.1267
MEC-1418,416.9562,274.013,12.113333,142.94320000000005
MEC-1419,389.6723,177.5384,12.402296,212.1339
MEC-1420,399.863,89.2766,6.191254,310.5864
MEC-1421,314.5132,119.36,13.790369,195.15319999999997
MEC-1422,509.675,13.8011,17.063141,495.8739
MEC-1423,433.6152,7.3588,16.689062,426.25640000000004
MEC-1424,357.569,84.265,14.014959,273.30400000000003
MEC-1425,287.776,136.7052,16.578913,151.07080000000002
MEC-1426,321.2152,172.9097,16.952038,148.3055
MEC-1427,353.302,210.4921,16.098022,142.80990000000003
MEC-1428,401.649,244.005,16.826153,157.644
MEC-1429,177.9699,33.9103,11.885166,144.0596
MEC-1430,217.3347,74.6865,18.205166,142.6482
MEC-1431,266.7508,125.464,13.358831,141.28680000000003
MEC-1432,306.2611,162.559,16.9909,143.7021
MEC-1433,351.6781,210.2139,14.61935,141.46419999999998
MEC-1434,148.9003,47.1129,12.206078,101.78739999999999
MEC-1435,201.7553,99.9215,16.925097,101.83380000000001
MEC-1436,248.8611,152.5817,14.075041,96.27939999999998
MEC-1437,224.8921,124.3887,17.011881,100.5034
MEC-1438,242.4061,140.2516,14.600277,102.15450000000001
MEC-1439,181.546,79.4525,12.057066,102.09349999999999
MEC-1440,266.923,160.1923,5.309105,106.73070000000001
MEC-1441,183.2781,84.3022,17.501831,98.9759
MEC-1442,106.4341,4.5629,16.749144,101.8712
MEC-1443,304.4021,205.6887,15.84363,98.71340000000001
MEC-1444,218.7343,118.4604,19.222975,100.27389999999998
MEC-1445,250.7448,139.0865,11.883974,111.6583
MEC-1446,165.7169,61.4891,20.371914,104.2278
MEC-1447,486.3939,257.9224,17.414808,228.4715
MEC-1448,250.9446,108.078,18.06879,142.8666
MEC-1449,288.9669,186.1758,16.330004,102.7911
MEC-1450,321.7621,216.3856,16.541004,105.37649999999996
MEC-1451,110.7368,9.4361,16.395092,101.3007
MEC-1452,150.877,48.6324,8.694887,102.24460000000002
MEC-1453,190.9833,81.8243,18.162012,109.15900000000002
MEC-1454,237.952,136.5457,15.975952,101.40629999999999
MEC-1455,282.7599,179.9753,17.711878,102.78460000000001
MEC-1456,328.7959,231.4563,19.420147,97.33960000000002
MEC-1457,158.705,57.4086,17.302036,101.2964
MEC-1458,103.0791,0.1299,14.238834,102.94919999999999
MEC-1459,118.8531,19.4638,15.105009,99.38929999999999
MEC-1460,238.5249,128.9637,18.161058,109.56120000000001
MEC-1461,175.8599,76.4911,12.818098,99.36880000000001
MEC-1462,458.6632,109.5214,18.093109,349.1418
MEC-1463,375.5498,147.347,20.655155,228.2028
MEC-1464,406.6081,190.3315,14.166117,216.27659999999997
MEC-1465,439.142,279.3293,12.774944,159.8127
MEC-1466,217.278,71.2602,14.605284,146.0178
MEC-1467,248.7409,104.3172,11.75189,144.4237
MEC-1468,289.4881,145.0858,12.281895,144.40229999999997
MEC-1469,332.3131,188.5297,18.102884,143.78340000000003
MEC-1470,374.13,224.7479,17.883301,149.3821
MEC-1471,161.2699,15.3067,17.903805,145.9632
MEC-1472,207.1679,62.7694,16.058922,144.3985
MEC-1473,255.61,110.1215,19.491196,145.48850000000002
MEC-1474,305.866,154.3343,15.731096,151.53169999999997
MEC-1475,196.3019,94.1517,16.542196,102.15019999999998
MEC-1476,106.8332,9.0797,18.164873,97.7535
MEC-1477,271.1258,170.5856,7.836342,100.54020000000003
MEC-1478,281.0822,183.6793,12.00223,97.40289999999999
MEC-1479,195.6508,98.7625,16.960859,96.8883
MEC-1480,118.8672,13.0329,15.496731,105.8343
MEC-1481,314.9629,212.2142,16.134024,102.74869999999999
MEC-1482,334.5952,228.1206,17.241001,106.47459999999998
MEC-1483,271.9979,174.1309,13.718843,97.86700000000002
MEC-1484,205.3583,106.5397,17.958879,98.81860000000002
MEC-1485,137.2259,37.3569,18.436909,99.869
MEC-1486,105.4542,7.822,14.271975,97.6322
MEC-1487,145.51,48.3277,19.267797,97.1823
MEC-1488,178.1521,80.1477,17.486095,98.00439999999999
MEC-1489,127.6548,28.3017,12.154818,99.3531
MEC-1490,118.0661,19.5749,19.242048,98.4912
MEC-1491,130.3971,31.5192,18.46981,98.8779
MEC-1492,386.0328,108.2158,16.422749,277.817
MEC-1493,175.127,80.1744,8.655787,94.9526
MEC-1494,233.983,135.8128,13.681173,98.1702
MEC-1495,304.203,196.9798,18.56184,107.22319999999996
MEC-1496,348.4607,244.699,17.00902,103.76169999999996
MEC-1497,144.7039,45.1493,16.947031,99.55460000000001
MEC-1498,207.747,109.8402,17.22908,97.90680000000002
MEC-1499,271.4953,169.1856,17.415047,102.30969999999999
MEC-1500,329.555,232.6159,16.438007,96.9391
MEC-1501,135.9742,38.3723,13.705254,97.6019
MEC-1502,208.807,99.3874,17.338037,109.41959999999999
MEC-1503,140.579,37.353,14.106989,103.226
MEC-1504,202.2209,104.0752,16.156912,98.1457
MEC-1505,112.5989,15.9965,15.798092,96.6024
MEC-1506,136.3132,37.729,14.765263,98.5842
MEC-1507,338.2649,231.9155,15.723228,106.3494
MEC-1508,272.6858,172.7583,48.242807,99.92749999999998
MEC-1509,301.105,200.1565,15.819073,100.94850000000002
MEC-1510,237.4141,126.5125,15.507936,110.90159999999999
MEC-1511,177.8491,74.707,15.144825,103.1421
MEC-1512,211.8499,113.2116,17.863035,98.63829999999999
MEC-1513,260.5481,139.4274,14.226198,121.12069999999997
MEC-1514,294.909,181.9692,15.136957,112.93979999999999
MEC-1515,341.136,218.473,16.217947,122.66300000000001
MEC-1516,131.5262,29.7034,16.213894,101.82279999999999
MEC-1517,178.2591,75.7813,16.608953,102.47779999999999
MEC-1518,239.2042,131.9885,12.629032,107.2157
MEC-1519,620.7616,160.1601,16.812086,460.60150000000004
MEC-1520,675.0121,177.2182,15.938044,497.7939
MEC-1521,406.0607,254.8738,18.157005,151.1869
MEC-1522,161.2301,17.3192,14.811754,143.9109
MEC-1523,348.8319,236.8636,15.686274,111.96830000000003
MEC-1524,307.7221,199.7488,15.11097,107.97330000000002
MEC-1525,222.9819,114.5,6.019831,108.4819
MEC-1526,269.069,160.8398,19.221067,108.22920000000002
MEC-1527,297.8702,157.5649,14.874935,140.30530000000002
MEC-1528,336.8843,236.8226,19.153118,100.0617
MEC-1529,133.275,22.4819,15.239,110.79310000000001
MEC-1530,169.5912,67.1563,13.470173,102.43489999999998
MEC-1531,220.355,111.5499,17.244101,108.8051
MEC-1532,266.1278,162.7607,15.022039,103.36709999999997
MEC-1533,310.317,169.6186,15.914917,140.69840000000002
MEC-1534,125.4969,4.0224,17.325878,121.47449999999999
MEC-1535,157.3861,53.8106,15.703917,103.5755
MEC-1536,218.5071,119.4141,18.065214,99.093
MEC-1537,434.0868,296.4277,18.067122,137.65909999999997
MEC-1538,431.1252,213.1233,14.563084,218.0019
MEC-1539,161.84,63.8533,19.804001,97.98670000000001
MEC-1540,351.073,250.7706,17.405987,100.30239999999998
MEC-1541,273.7999,175.2269,16.805887,98.57299999999998
MEC-1542,192.2398,93.3604,15.979052,98.8794
MEC-1543,117.2569,16.7735,15.096903,100.4834
MEC-1544,357.0309,254.6093,17.524958,102.42159999999998
MEC-1545,128.3929,30.0329,17.002106,98.36
MEC-1546,172.4632,72.0367,17.157793,100.4265
MEC-1547,211.7171,105.3209,17.611027,106.3962
MEC-1548,263.7644,166.8329,16.853809,96.93150000000003
MEC-1549,306.4342,166.3318,15.285969,140.1024
MEC-1550,353.869,252.5804,18.015862,101.28860000000003
MEC-1551,151.3889,33.3476,16.459942,118.0413
MEC-1552,209.2981,102.9367,14.424086,106.3614
MEC-1553,262.094,164.2084,5.293131,97.88559999999998
MEC-1554,317.9052,182.5061,17.938137,135.39909999999998
MEC-1555,316.5221,219.1091,16.148329,97.41300000000001
MEC-1556,324.8591,187.0232,16.932964,137.8359
MEC-1557,210.4239,108.2273,19.630909,102.1966
MEC-1558,122.1623,24.3411,13.961077,97.8212
MEC-1559,309.7579,206.5377,14.369726,103.2202
MEC-1560,323.4701,225.0903,16.611099,98.37979999999999
MEC-1561,262.6741,158.7658,12.290001,103.9083
MEC-1562,183.8431,85.6271,14.292955,98.216
MEC-1563,106.8742,10.4082,16.175985,96.46600000000001
MEC-1564,312.5298,215.3907,14.035225,97.13910000000001
MEC-1565,260.149,161.0785,12.938023,99.07050000000001
MEC-1566,192.2462,92.6726,8.363962,99.57359999999998
MEC-1567,132.3838,35.0256,17.724991,97.35820000000001
MEC-1568,352.8688,249.7022,17.715931,103.16660000000002
MEC-1569,129.7147,32.5856,12.815714,97.1291
MEC-1570,170.923,75.1266,15.306234,95.7964
MEC-1571,209.4481,113.1594,16.282082,96.2887
MEC-1572,266.3093,166.7647,18.735886,99.5446
MEC-1573,312.5782,174.8443,16.57176,137.73389999999998
MEC-1574,105.0658,6.5563,15.374899,98.5095
MEC-1575,157.5429,53.5526,12.485027,103.9903
MEC-1576,217.006,115.3476,51.647902,101.6584
MEC-1577,260.417,162.5388,19.201994,97.87819999999996
MEC-1578,322.3281,225.5726,15.972853,96.75550000000001
MEC-1579,200.2838,98.9134,16.919136,101.37040000000002
MEC-1580,221.6201,121.7797,15.727997,99.8404
MEC-1581,166.708,67.5123,14.929056,99.1957
MEC-1582,113.2419,12.7795,14.894724,100.4624
MEC-1583,353.097,251.3814,13.319969,101.71559999999997
MEC-1584,148.3741,49.7687,16.600132,98.6054
MEC-1585,116.919,19.0794,14.96315,97.83959999999999
MEC-1586,359.807,180.2835,15.473127,179.5235
MEC-1587,330.0691,214.6039,18.075943,115.46519999999998
MEC-1588,347.928,247.4737,16.305923,100.45429999999999
MEC-1589,124.3131,24.9014,17.310858,99.41170000000001
MEC-1590,164.309,66.6513,16.227007,97.65769999999999
MEC-1591,216.4812,115.2344,16.597033,101.24680000000001
MEC-1592,258.5752,159.723,16.733408,98.85219999999998
MEC-1593,305.4359,171.2434,17.317772,134.1925
MEC-1594,98.922,0.9146,17.023087,98.0074
MEC-1595,150.079,49.8128,6.893873,100.2662
MEC-1596,210.8381,104.1589,16.236067,106.6792
MEC-1597,253.2072,156.3358,17.739058,96.8714
MEC-1598,143.357,39.3369,14.09483,104.0201
MEC-1599,329.514,226.9807,14.226913,102.5333
MEC-1600,261.121,153.6636,13.961077,107.45739999999998
MEC-1601,187.9528,80.9748,17.179012,106.978
MEC-1602,119.6928,23.0238,14.809132,96.66900000000001
MEC-1603,121.6969,8.8491,16.880274,112.8478
MEC-1604,161.9852,62.9241,15.549183,99.06109999999998
MEC-1605,203.7811,105.1595,16.045094,98.62160000000002
MEC-1606,245.3768,148.6578,16.567945,96.719
MEC-1607,290.345,191.3667,18.043041,98.97830000000002
MEC-1608,335.7539,193.8806,12.192965,141.8733
MEC-1609,126.5509,27.014,13.090134,99.5369
MEC-1610,475.672,249.8939,15.723944,225.77810000000002
MEC-1611,273.7842,130.2214,17.00592,143.5628
MEC-1612,138.967,40.7653,15.449286,98.20170000000002
MEC-1613,155.9231,60.8187,8.282661,95.1044
MEC-1614,216.089,118.0701,13.797045,98.0189
MEC-1615,282.356,144.9637,13.221741,137.3923
MEC-1616,185.2009,88.32,14.631033,96.8809
MEC-1617,340.1918,241.734,14.606953,98.45779999999999
MEC-1618,241.2338,144.2294,15.949011,97.0044
MEC-1619,336.8361,196.3832,15.213966,140.4529
MEC-1620,264.251,153.2724,16.364098,110.97859999999997
MEC-1621,265.707,126.0715,16.292095,139.63549999999998
MEC-1622,207.206,107.5101,14.569044,99.6959
MEC-1623,142.22,42.2549,14.703989,99.9651
MEC-1624,242.9999,245.4593,14.543056,-2.4594000000000165
MEC-1625,256.714,254.8513,15.372038,1.8626999999999896
MEC-1626,242.1869,202.41,14.74309,39.77690000000001
MEC-1627,246.0829,245.343,16.330004,0.7399000000000058
MEC-1628,253.9603,238.6134,13.586283,15.346899999999977
MEC-1629,356.3647,257.5014,16.226768,98.86330000000004
MEC-1630,107.686,8.8885,16.47687,98.79750000000001
MEC-1631,128.691,31.2943,15.428782,97.39670000000001
MEC-1632,140.1489,40.9408,13.335228,99.2081
MEC-1633,167.5611,70.8008,14.976978,96.76030000000002
MEC-1634,184.1252,88.1858,7.074118,95.9394
MEC-1635,210.5989,111.3493,14.775038,99.24959999999999
MEC-1636,130.8,30.4375,17.155886,100.36250000000001
MEC-1637,324.2288,221.787,15.581846,102.44179999999997
MEC-1638,252.645,151.8414,15.007019,100.80360000000002
MEC-1639,277.4751,180.2802,14.105082,97.19489999999999
MEC-1640,201.02,63.885,12.093782,137.13500000000002
MEC-1641,121.6779,24.0684,17.166138,97.6095
MEC-1642,333.5571,237.3037,17.496109,96.2534
MEC-1643,253.5779,142.8177,17.271996,110.7602
MEC-1644,467.1807,117.4343,16.902208,349.7464
MEC-1645,246.2521,101.4655,16.78586,144.78660000000002
MEC-1646,280.0698,65.1579,16.678095,214.9119
MEC-1647,319.977,174.9365,15.419006,145.04049999999998
MEC-1648,360.821,217.5088,15.91301,143.31220000000002
MEC-1649,143.4231,1.1499,17.832994,142.2732
MEC-1650,192.116,48.6739,8.660793,143.4421
MEC-1651,245.7349,102.9255,17.818689,142.8094
MEC-1652,293.7217,151.6576,12.276173,142.0641
MEC-1653,346.0348,203.7904,14.416218,142.2444
MEC-1654,136.204,39.2792,14.708996,96.9248
MEC-1655,425.2601,145.2267,15.997887,280.03340000000003
MEC-1656,468.354,116.8664,17.763138,351.4876
MEC-1657,860.4133,50.6911,14.147997,809.7222
MEC-1658,268.9211,33.5376,15.216827,235.38350000000003
MEC-1659,206.5611,109.0937,13.295889,97.46740000000001
MEC-1660,245.8439,147.6035,14.572859,98.2404
MEC-1661,181.1109,84.0936,15.53297,97.01729999999999
MEC-1662,126.6119,26.9282,15.766859,99.6837
MEC-1663,170.737,69.0389,14.284849,101.6981
MEC-1664,419.1469,94.1584,15.396833,324.98850000000004
MEC-1665,367.5208,126.3025,14.97221,241.2183
MEC-1666,433.291,58.9876,17.899036,374.3034
MEC-1667,241.051,143.4925,15.141249,97.55849999999998
MEC-1668,298.0099,201.3693,16.668081,96.6406
MEC-1669,100.3499,4.6787,14.925003,95.6712
MEC-1670,166.3561,67.0171,17.058849,99.339
MEC-1671,228.6301,131.0234,17.074823,97.60669999999999
MEC-1672,241.6248,142.9887,5.661011,98.6361
MEC-1673,334.2338,232.5876,14.792919,101.64619999999996
MEC-1674,239.9402,103.2481,15.016079,136.6921
MEC-1675,184.222,85.6583,14.189005,98.56370000000001
MEC-1676,217.1779,120.6369,14.658689,96.541
MEC-1677,266.2201,167.6829,14.487028,98.53720000000001
MEC-1678,309.8068,172.8687,14.964819,136.93810000000002
MEC-1679,105.3078,6.0747,16.833067,99.23310000000001
MEC-1680,142.848,42.3622,15.258074,100.48580000000001
MEC-1681,191.3021,94.08,45.168877,97.2221
MEC-1682,244.7538,148.1154,15.707731,96.63840000000002
MEC-1683,288.2769,191.1452,12.899876,97.13170000000002
MEC-1684,339.5882,115.9134,13.689041,223.67479999999998
MEC-1685,143.218,32.2595,15.335321,110.95849999999999
MEC-1686,207.283,106.8237,14.629841,100.45929999999998
MEC-1687,392.4501,294.924,11.728048,97.52610000000004
MEC-1688,139.843,44.1306,16.479969,95.71239999999999
MEC-1689,344.3398,246.6207,15.250206,97.71910000000003
MEC-1690,267.05,169.9514,10.708332,97.0986
MEC-1691,296.9029,189.4834,18.404961,107.4195
MEC-1692,313.493,216.2776,14.266968,97.21539999999999
MEC-1693,244.53,147.6076,17.362118,96.92240000000001
MEC-1694,274.9712,178.931,15.250921,96.0402
MEC-1695,211.6387,73.1301,14.151096,138.5086
MEC-1696,229.8601,134.4647,68.98427,95.3954
MEC-1697,178.5903,70.2507,15.608788,108.33960000000002
MEC-1698,124.28,27.534,15.18178,96.74600000000001
MEC-1699,157.1689,57.2789,16.371012,99.89000000000001
MEC-1700,262.2993,155.5612,14.447689,106.7381
MEC-1701,295.3579,158.0977,16.701937,137.26019999999997
MEC-1702,340.1909,240.073,18.210173,100.11789999999999
MEC-1703,123.3571,26.6778,13.497829,96.6793
MEC-1704,172.996,71.6541,14.545918,101.34190000000001
MEC-1705,225.8251,128.1624,14.962912,97.6627
MEC-1706,273.3593,177.9683,12.506008,95.39100000000002
MEC-1707,127.9719,29.6102,16.922235,98.36170000000001
MEC-1708,311.2471,214.1764,22.709846,97.07069999999999
MEC-1709,236.5997,137.248,16.285896,99.35170000000002
MEC-1710,251.4591,154.9394,15.066862,96.5197
MEC-1711,274.3609,178.8535,14.846802,95.50740000000002
MEC-1712,295.3362,156.8873,15.671968,138.4489
MEC-1713,323.946,222.4429,14.746904,101.50310000000002
MEC-1714,355.1869,252.1057,13.926983,103.08119999999997
MEC-1715,134.213,32.8999,16.021967,101.31309999999999
MEC-1716,160.8169,64.6672,14.178991,96.14970000000001
MEC-1717,195.8158,95.108,13.161898,100.70779999999999
MEC-1718,235.5771,139.0166,16.454935,96.56049999999999
MEC-1719,267.3557,170.3005,16.772032,97.05520000000001
MEC-1720,309.4761,169.5018,16.669035,139.97429999999997
MEC-1721,248.0111,149.2665,15.912771,98.74459999999999
MEC-1722,300.4229,204.5407,16.842127,95.88220000000004
MEC-1723,219.3968,82.5446,15.090227,136.8522
MEC-1724,135.7,39.3755,6.268024,96.32449999999999
MEC-1725,317.42,221.6136,16.363859,95.80640000000002
MEC-1726,242.842,143.888,16.165018,98.95400000000001
MEC-1727,168.1361,68.6707,14.765024,99.4654
MEC-1728,104.5997,7.7386,15.655041,96.8611
MEC-1729,148.8872,48.5067,17.084122,100.38050000000001
MEC-1730,193.7232,97.3823,16.815186,96.34089999999999
MEC-1731,243.8271,147.455,17.562151,96.37209999999999
MEC-1732,291.687,191.4835,15.244007,100.20350000000002
MEC-1733,222.9388,125.453,13.805866,97.48579999999998
MEC-1734,177.6478,80.3814,13.995171,97.26639999999999
MEC-1735,229.811,131.3813,16.273022,98.4297
MEC-1736,282.871,178.899,15.433073,103.97199999999998
MEC-1737,338.5088,200.6657,17.758131,137.84310000000002
MEC-1738,394.8622,116.0688,14.702797,278.79339999999996
MEC-1739,201.2401,58.5823,17.328978,142.6578
MEC-1740,271.77,171.473,16.676188,100.29699999999997
MEC-1741,330.4961,192.2312,17.944098,138.2649
MEC-1742,141.4461,30.149,9.234905,111.2971
MEC-1743,281.3749,183.5856,14.771938,97.78930000000003
MEC-1744,352.3281,213.7389,14.940023,138.5892
MEC-1745,342.943,205.127,14.786005,137.81599999999997
MEC-1746,343.771,234.6921,12.861252,109.0789
MEC-1747,255.6329,157.6805,16.993999,97.95240000000001
MEC-1748,166.6899,67.8463,46.778917,98.8436
MEC-1749,130.233,25.7206,12.360096,104.5124
MEC-1750,339.5429,240.3114,17.414331,99.23149999999998
MEC-1751,109.8299,12.9673,14.206171,96.8626
MEC-1752,149.709,51.6796,12.517691,98.02940000000001
MEC-1753,183.208,84.368,15.038967,98.84
MEC-1754,228.0393,128.727,18.073082,99.3123
MEC-1755,259.0222,160.187,13.033867,98.83519999999999
MEC-1756,294.5609,157.6772,6.81591,136.8837
MEC-1757,342.67,246.5844,16.569138,96.08560000000003
MEC-1758,126.457,29.7372,14.878988,96.71979999999999
MEC-1759,173.116,27.3051,15.745163,145.8109
MEC-1760,230.2589,131.6218,16.828775,98.6371
MEC-1761,208.014,107.6231,13.220787,100.39090000000002
MEC-1762,246.6438,149.5419,14.731884,97.1019
MEC-1763,154.0627,53.8442,15.002251,100.2185
MEC-1764,163.7189,65.491,13.976097,98.22789999999999
MEC-1765,348.1338,238.3299,16.570091,109.8039
MEC-1766,274.7219,177.6321,16.443014,97.0898
MEC-1767,202.337,103.3411,17.249823,98.99589999999999
MEC-1768,142.57,38.245,13.494015,104.32499999999999
MEC-1769,168.6578,69.7548,19.150734,98.903
MEC-1770,210.8657,108.9599,16.596079,101.9058
MEC-1771,144.5551,42.2413,16.773224,102.31380000000001
MEC-1772,123.7061,26.9227,15.837193,96.7834
MEC-1773,110.8389,14.4448,15.568018,96.3941
MEC-1774,159.991,63.3423,15.06424,96.64870000000002
MEC-1775,209.5001,112.0865,17.347097,97.4136
MEC-1776,264.1001,162.3075,16.954184,101.7926
MEC-1777,619.3469,90.6496,15.976906,528.6973
MEC-1778,216.3548,48.2259,15.866995,168.12890000000002
MEC-1779,280.6559,137.9924,15.464783,142.66349999999997
MEC-1780,346.0991,195.5445,15.699863,150.55460000000002
MEC-1781,414.6311,264.318,14.453888,150.31310000000002
MEC-1782,175.961,32.5258,15.917063,143.4352
MEC-1783,388.9761,118.1326,18.368006,270.84349999999995
MEC-1784,395.7479,231.3008,15.828848,164.4471
MEC-1785,303.9858,156.1677,13.269186,147.8181
MEC-1786,218.3921,65.2652,17.122984,153.1269
MEC-1787,239.0299,94.5585,12.25996,144.47140000000002
MEC-1788,265.0359,110.1508,14.696121,154.88510000000002
MEC-1789,192.5831,47.7731,15.146971,144.81
MEC-1790,394.872,249.1002,15.22994,145.7718
MEC-1791,262.7952,115.658,16.840935,147.1372
MEC-1792,294.0321,151.068,15.353203,142.9641
MEC-1793,319.1319,175.8578,15.495062,143.27409999999998
MEC-1794,100.8699,2.9802,14.146805,97.8897
MEC-1795,133.2622,34.0922,12.471676,99.17000000000002
MEC-1796,182.127,83.0457,16.601086,99.08130000000001
MEC-1797,222.254,124.8083,4.834175,97.44569999999999
MEC-1798,266.171,158.0265,15.406132,108.1445
MEC-1799,144.7072,45.9304,14.904261,98.77680000000001
MEC-1800,193.7029,94.3167,14.561892,99.3862
MEC-1801,296.366,199.8961,16.41798,96.4699
MEC-1802,310.3812,208.3864,14.49275,101.99479999999997
MEC-1803,222.6529,120.2159,14.926672,102.43699999999998
MEC-1804,137.5623,38.758,15.203238,98.80429999999998
MEC-1805,141.9849,44.2288,12.353897,97.7561
MEC-1806,174.006,77.1494,14.132977,96.8566
MEC-1807,117.1279,18.3296,17.97986,98.7983
MEC-1808,334.7723,234.3853,16.082048,100.38699999999997
MEC-1809,258.5027,158.0589,15.268087,100.44380000000001
MEC-1810,206.1,102.4611,9.253263,103.63889999999999
MEC-1811,242.6112,145.4148,11.783123,97.19639999999998
MEC-1812,167.8481,71.9397,13.417959,95.90839999999999
MEC-1813,100.79,4.7746,16.463995,96.0154
MEC-1814,133.22,30.1664,16.049147,103.0536
MEC-1815,168.4639,67.1034,16.259909,101.3605
MEC-1816,206.2008,107.6365,14.781952,98.56429999999999
MEC-1817,252.049,44.3189,18.543005,207.7301
MEC-1818,485.8011,140.6701,12.464046,345.13100000000003
MEC-1819,374.0799,15.6198,16.941071,358.4601
MEC-1820,170.4819,19.515,14.193058,150.9669
MEC-1821,214.7868,63.1642,17.02404,151.6226
MEC-1822,259.7811,115.5705,14.077902,144.2106
MEC-1823,362.5131,123.5857,15.877724,238.9274
MEC-1824,346.1649,196.6023,16.161919,149.56259999999997
MEC-1825,331.4331,186.2905,10.968208,145.14260000000002
MEC-1826,316.4749,173.619,16.644716,142.8559
MEC-1827,299.3109,149.833,16.124964,149.4779
MEC-1828,383.8561,237.6702,14.409065,146.18590000000003
MEC-1829,378.1629,228.9975,18.527985,149.16539999999998
MEC-1830,360.5509,204.1929,16.423225,156.358
MEC-1831,198.2589,53.4792,18.854141,144.77970000000002
MEC-1832,297.554,154.6533,17.267942,142.90069999999997
MEC-1833,162.6019,61.9085,15.954971,100.6934
MEC-1834,172.5988,75.7899,18.169165,96.80890000000001
MEC-1835,281.738,172.1637,16.450167,109.5743
MEC-1836,395.8042,249.0082,13.860941,146.796
MEC-1837,249.377,104.1746,18.810034,145.2024
MEC-1838,362.9267,220.4258,17.981052,142.50089999999997
MEC-1839,217.355,121.1629,13.529062,96.1921
MEC-1840,338.3002,241.5104,14.057875,96.78980000000001
MEC-1841,445.399,348.8977,18.445015,96.50130000000001
MEC-1842,154.2752,59.262,14.215946,95.01320000000001
MEC-1843,334.2578,189.3311,18.159151,144.92669999999998
MEC-1844,149.6301,51.6944,16.858101,97.9357
MEC-1845,198.287,97.8808,19.668102,100.40620000000001
MEC-1846,255.4841,155.3764,19.897938,100.10770000000002
MEC-1847,311.27,160.887,17.920017,150.38299999999998
MEC-1848,219.2411,75.9079,16.66379,143.33319999999998
MEC-1849,127.907,31.7149,19.566059,96.1921
MEC-1850,296.921,197.6438,17.937899,99.2772
MEC-1851,212.1418,112.0884,18.079996,100.0534
MEC-1852,129.0991,21.4691,18.419027,107.63
MEC-1853,304.7822,201.6075,17.846107,103.1747
MEC-1854,223.9299,121.6199,17.809153,102.31
MEC-1855,149.1151,50.1914,16.388178,98.92370000000001
MEC-1856,334.491,234.313,18.520117,100.178
MEC-1857,231.951,127.7471,15.227079,104.20389999999999
MEC-1858,138.447,37.5383,15.409946,100.90870000000001
MEC-1859,339.895,239.2273,13.816833,100.66769999999997
MEC-1860,124.3799,24.334,14.390945,100.0459
MEC-1861,333.751,235.3373,17.467022,98.41369999999998
MEC-1862,368.1138,156.1258,14.714956,211.98800000000003
MEC-1863,391.427,153.8849,7.818937,237.54210000000003
MEC-1864,173.9469,72.0007,15.430927,101.9462
MEC-1865,213.3048,109.8268,16.273022,103.478
MEC-1866,246.7802,148.7389,15.514135,98.0413
MEC-1867,284.5509,182.21,16.183853,102.3409
MEC-1868,326.3371,227.2484,14.907122,99.08870000000002
MEC-1869,363.7989,181.7207,12.607098,182.0782
MEC-1870,153.162,53.6528,15.82098,99.5092
MEC-1871,204.8738,106.2636,14.996052,98.61019999999999
MEC-1872,302.2931,204.1764,16.664028,98.11669999999998
MEC-1873,351.4431,208.0007,12.534142,143.44240000000002
MEC-1874,183.3599,85.9914,17.179251,97.36850000000001
MEC-1875,188.2193,90.3151,12.05802,97.9042
MEC-1876,206.5029,109.4747,13.57007,97.02820000000001
MEC-1877,213.4759,114.0075,15.377283,99.4684
MEC-1878,225.904,127.274,14.599323,98.63
MEC-1879,242.5761,140.353,16.156197,102.22309999999999
MEC-1880,259.8667,161.804,11.772871,98.06269999999998
MEC-1881,281.2128,144.043,16.860008,137.1698
MEC-1882,304.9431,207.9918,13.223886,96.9513
MEC-1883,333.571,233.4831,14.032841,100.08790000000002
MEC-1884,112.5612,5.8062,13.199806,106.755
MEC-1885,145.7868,2.6078,14.184952,143.179
MEC-1886,328.531,185.3967,15.350819,143.1343
MEC-1887,282.5351,137.471,14.178991,145.0641
MEC-1888,211.616,113.5893,16.841888,98.02670000000002
MEC-1889,131.459,31.5142,15.639067,99.9448
MEC-1890,316.5572,218.4324,17.590046,98.12480000000002
MEC-1891,238.1561,139.9109,15.694857,98.24520000000001
MEC-1892,177.4521,77.6095,17.447233,99.8426
MEC-1893,121.0258,22.9032,15.885115,98.1226
MEC-1894,167.691,69.9608,13.643026,97.7302
MEC-1895,207.7029,110.6982,16.174078,97.0047
MEC-1896,262.4502,164.5923,15.904188,97.8579
MEC-1897,315.0458,175.0429,17.916203,140.00289999999998
MEC-1898,125.5927,16.5889,15.048981,109.0038
MEC-1899,168.565,72.3166,15.218019,96.2484
MEC-1900,231.1697,133.6694,15.645981,97.50030000000001
MEC-1901,285.0318,190.336,8.360147,94.69579999999996
MEC-1902,350.7793,251.0867,19.433975,99.69259999999997
MEC-1903,155.5181,48.238,15.330791,107.2801
MEC-1904,217.6259,120.4705,15.259027,97.1554
MEC-1905,174.7279,72.4909,16.247034,102.23700000000001
MEC-1906,233.8729,130.9452,14.692068,102.92769999999999
MEC-1907,102.407,5.6391,11.03425,96.7679
MEC-1908,325.1209,227.5677,15.15913,97.5532
MEC-1909,101.0971,4.6151,15.146971,96.482
MEC-1910,132.7543,33.6838,17.091751,99.07050000000001
MEC-1911,798.1958,167.3164,16.650915,630.8794
MEC-1912,549.4618,74.1107,15.158653,475.35110000000003
MEC-1913,336.4961,132.9796,12.907982,203.5165
MEC-1914,387.1112,242.7394,13.645172,144.3718
MEC-1915,177.5863,31.8549,17.283201,145.7314
MEC-1916,234.7739,90.1828,17.170191,144.59109999999998
MEC-1917,338.495,200.8049,16.690969,137.6901
MEC-1918,240.4141,143.9984,17.213106,96.41569999999999
MEC-1919,155.18,58.1696,11.430979,97.0104
MEC-1920,144.68,39.1817,17.390013,105.4983
MEC-1921,344.2852,240.8497,13.202906,103.43549999999996
MEC-1922,267.1971,164.8984,17.313004,102.29869999999997
MEC-1923,282.9659,183.3546,12.632132,99.61129999999997
MEC-1924,207.7322,109.3647,14.886856,98.3675
MEC-1925,447.5329,249.3227,13.34095,198.2102
MEC-1926,427.851,272.6264,14.432907,155.2246
MEC-1927,375.1221,132.4668,11.970043,242.65529999999998
MEC-1928,164.6647,16.2055,19.089937,148.4592
MEC-1929,211.6039,64.3895,16.381979,147.2144
MEC-1930,266.3088,120.4555,19.066811,145.85330000000002
MEC-1931,315.7301,172.5328,14.94503,143.19729999999998
MEC-1932,170.9721,27.9369,15.986204,143.0352
MEC-1933,230.314,88.1059,16.964912,142.2081
MEC-1934,290.2431,145.7,16.616821,144.54310000000004
MEC-1935,285.4588,149.6215,18.161774,135.8373
MEC-1936,228.4899,85.5393,14.827013,142.9506
MEC-1937,134.4881,37.3287,16.960144,97.1594
MEC-1938,325.0229,224.8371,46.537876,100.1858
MEC-1939,106.9791,10.5569,12.122869,96.4222
MEC-1940,284.4732,186.9576,16.325951,97.5156
MEC-1941,200.3808,104.0833,16.645193,96.2975
MEC-1942,127.8431,29.9618,14.54401,97.88130000000001
MEC-1943,322.1941,200.2938,16.304016,121.90029999999999
MEC-1944,338.6073,235.3237,16.15715,103.2836
MEC-1945,362.8671,266.3257,17.43412,96.54140000000001
MEC-1946,389.8323,183.4769,15.537977,206.35539999999997
MEC-1947,159.838,18.8632,13.451099,140.9748
MEC-1948,193.867,51.2173,13.669014,142.6497
MEC-1949,228.4451,124.4502,11.625051,103.9949
MEC-1950,261.575,164.4909,16.73913,97.08409999999998
MEC-1951,299.3221,161.4809,17.376184,137.8412
MEC-1952,338.3002,239.8593,14.02092,98.44090000000003
MEC-1953,126.0028,28.9614,15.578985,97.0414
MEC-1954,111.6989,8.985,15.865088,102.7139
MEC-1955,268.3499,170.3136,15.604019,98.03629999999998
MEC-1956,279.11,181.3331,15.251875,97.77690000000001
MEC-1957,191.1938,94.3911,12.828827,96.80270000000002
MEC-1958,107.5099,7.8919,12.87818,99.618
MEC-1959,302.3858,202.8608,13.892889,99.525
MEC-1960,237.226,136.2236,16.593933,101.0024
MEC-1961,160.4848,59.2566,9.793043,101.22820000000002
MEC-1962,211.633,25.7359,13.088942,185.89710000000002
MEC-1963,140.1622,42.654,14.67514,97.50820000000002
MEC-1964,159.8392,62.4771,17.18998,97.3621
MEC-1965,193.2061,92.5841,13.085127,100.62199999999999
MEC-1966,125.524,30.9682,14.642,94.5558
MEC-1967,351.9058,56.1285,16.040087,295.77729999999997
MEC-1968,127.389,18.1615,14.35113,109.22749999999999
MEC-1969,167.279,69.7916,14.50491,97.4874
MEC-1970,216.5818,116.8051,17.130136,99.77669999999999
MEC-1971,260.7691,164.1111,16.523123,96.65799999999999
MEC-1972,299.531,161.6678,16.765356,137.8632
MEC-1973,344.5561,246.8596,18.475056,97.69650000000001
MEC-1974,143.0979,40.947,16.031981,102.15090000000001
MEC-1975,184.8121,84.1696,15.420914,100.64249999999998
MEC-1976,235.3871,136.7674,16.757011,98.6197
MEC-1977,289.4621,193.2557,13.385057,96.20640000000003
MEC-1978,266.9661,158.0231,13.505936,108.94299999999998
MEC-1979,312.763,173.8091,15.445948,138.95389999999998
MEC-1980,261.1537,161.2334,5.574942,99.92030000000003
MEC-1981,213.223,117.2204,17.503023,96.00260000000002
MEC-1982,145.6242,48.1138,13.267994,97.5104
MEC-1983,111.9969,13.396,16.782045,98.6009
MEC-1984,149.0309,53.1964,14.601231,95.8345
MEC-1985,190.7332,91.3544,11.939049,99.37880000000001
MEC-1986,229.471,128.7696,14.570951,100.7014
MEC-1987,271.328,174.8095,15.728235,96.51849999999996
MEC-1988,317.2648,180.2523,18.281937,137.0125
MEC-1989,108.5351,11.503,14.223814,97.0321
MEC-1990,153.275,54.2164,14.370918,99.05860000000001
MEC-1991,209.3771,111.3904,16.433716,97.98670000000001
MEC-1992,267.06,168.9706,14.30583,98.08940000000001
MEC-1993,317.7381,180.5377,17.734289,137.20039999999997
MEC-1994,245.2099,140.6438,15.61594,104.5661
MEC-1995,148.8969,45.9104,15.920162,102.98649999999998
MEC-1996,294.4462,189.6834,15.736818,104.76279999999997
MEC-1997,243.5181,142.1978,15.630722,101.3203
MEC-1998,245.1851,7.4062,13.779879,237.7789
MEC-1999,180.7821,35.625,15.235901,145.1571
MEC-2000,210.7687,113.0781,11.046886,97.69059999999999
MEC-2001,241.6871,145.3447,14.607906,96.3424
MEC-2002,280.3442,181.7887,16.73007,98.5555
MEC-2003,320.8382,183.9759,15.449762,136.86229999999998
MEC-2004,103.792,7.952,12.613773,95.84
MEC-2005,148.2828,50.4096,18.976927,97.87320000000001
MEC-2006,194.4461,95.3112,15.455008,99.1349
MEC-2007,241.7941,143.1129,13.660192,98.68119999999999
MEC-2008,291.0421,193.0006,13.267994,98.04150000000001
MEC-2009,341.7211,241.8756,16.634941,99.84549999999999
MEC-2010,387.176,290.0784,11.880875,97.0976
MEC-2011,240.8171,141.6256,15.310764,99.19150000000002
MEC-2012,243.9382,146.6913,14.750957,97.24689999999998
MEC-2013,231.3421,131.5517,15.223026,99.79039999999998
MEC-2014,147.9843,50.9622,17.183065,97.0221
MEC-2015,103.56,5.7356,15.543938,97.8244
MEC-2016,294.524,191.529,16.072989,102.995
MEC-2017,332.8199,234.9706,16.517878,97.84930000000003
MEC-2018,270.5672,172.1797,16.938925,98.38750000000002
MEC-2019,192.4331,90.2274,16.613245,102.2057
MEC-2020,219.6951,122.2296,14.774799,97.46549999999999
MEC-2021,252.4629,153.5139,13.287067,98.94899999999998
MEC-2022,277.4069,138.7558,12.509108,138.6511
MEC-2023,313.6189,213.7201,15.789986,99.8988
MEC-2024,340.704,239.7397,15.675783,100.96430000000001
MEC-2025,293.1881,191.5197,15.478134,101.66840000000002
MEC-2026,334.7647,237.4301,5.734205,97.3346
MEC-2027,388.5522,182.2679,12.570858,206.28430000000003
MEC-2028,189.827,45.9085,13.852119,143.9185
MEC-2029,244.2603,148.4797,13.577938,95.78059999999999
MEC-2030,303.2732,204.3076,16.862869,98.96559999999997
MEC-2031,101.9609,1.7245,13.061047,100.23639999999999
MEC-2032,162.914,65.8329,14.284849,97.08109999999999
MEC-2033,226.4159,128.998,12.549162,97.4179
MEC-2034,294.4183,194.9077,13.894081,99.51059999999998
MEC-2035,253.1168,155.6199,14.643908,97.49690000000001
MEC-2036,218.6368,121.7906,13.92293,96.8462
MEC-2037,231.8089,132.9937,14.182091,98.8152
MEC-2038,441.6499,120.2765,13.494968,321.3734
MEC-2039,431.9708,171.5889,16.397953,260.3819
MEC-2040,148.942,2.4304,17.628908,146.51160000000002
MEC-2041,221.8332,77.2743,6.519079,144.5589
MEC-2042,306.8831,161.2253,12.774944,145.6578
MEC-2043,389.4503,238.8949,15.187979,150.55540000000002
MEC-2044,221.242,77.6393,14.809132,143.60269999999997
MEC-2045,328.4619,184.2909,15.581369,144.17100000000002
MEC-2046,162.801,20.6354,16.644955,142.16559999999998
MEC-2047,272.4979,117.2271,15.664101,155.2708
MEC-2048,156.744,27.2076,16.968966,129.53640000000001
MEC-2049,234.9949,136.7385,17.001152,98.25640000000001
MEC-2050,347.2261,249.8095,17.795801,97.41659999999996
MEC-2051,458.914,353.3814,19.444942,105.5326
MEC-2052,137.6352,37.8859,17.085314,99.7493
MEC-2053,335.3992,232.3077,16.644001,103.0915
MEC-2054,346.6792,249.3339,15.823126,97.34529999999998
MEC-2055,271.1239,175.1437,17.468929,95.9802
MEC-2056,217.541,73.2839,13.259649,144.25709999999998
MEC-2057,153.5428,4.4851,17.024994,149.0577
MEC-2058,118.2899,22.6154,17.830133,95.6745
MEC-2059,346.797,244.9746,15.51795,101.82240000000002
MEC-2060,114.362,16.4807,15.618086,97.8813
MEC-2061,162.6561,65.079,14.949799,97.57710000000002
MEC-2062,195.4539,98.6187,16.600132,96.8352
MEC-2063,249.0809,145.699,17.47489,103.3819
MEC-2064,281.466,120.5461,15.658855,160.9199
MEC-2065,333.591,200.5804,14.345169,133.0106
MEC-2066,122.7858,21.9195,14.884233,100.8663
MEC-2067,181.427,81.83,18.436193,99.597
MEC-2068,235.3332,136.8806,18.002033,98.45260000000002
MEC-2069,286.4721,190.1631,18.520832,96.30900000000003
MEC-2070,192.4431,94.1119,16.721964,98.33119999999998
MEC-2071,118.5451,17.319,15.074968,101.2261
MEC-2072,314.0521,212.3959,15.153885,101.65619999999998
MEC-2073,233.6099,133.4531,13.680935,100.1568
MEC-2074,153.7449,47.9982,15.026808,105.7467
MEC-2075,350.2979,249.8298,15.131235,100.46810000000002
MEC-2076,115.2411,18.1198,16.448975,97.1213
MEC-2077,144.5942,46.8957,8.58283,97.6985
MEC-2078,112.097,10.0825,14.002085,102.0145
MEC-2079,332.1831,229.1079,14.625072,103.07520000000002
MEC-2080,116.255,19.3369,14.598846,96.9181
MEC-2081,151.859,53.7486,16.510963,98.1104
MEC-2082,191.4279,93.4958,18.267155,97.93209999999999
MEC-2083,238.1001,140.2383,16.133785,97.86179999999999
MEC-2084,286.4468,184.788,12.86006,101.65879999999999
MEC-2085,331.0831,231.7767,16.578197,99.3064
MEC-2086,121.768,24.2271,12.742758,97.5409
MEC-2087,178.2222,76.1371,15.472174,102.08509999999998
MEC-2088,226.7437,126.3278,15.451193,100.4159
MEC-2089,275.8577,174.768,16.002178,101.08970000000002
MEC-2090,121.0239,23.535,15.203714,97.4889
MEC-2091,132.8592,34.6539,8.770227,98.2053
MEC-2092,368.885,149.3676,14.551878,219.51739999999998
MEC-2093,148.0691,47.2553,14.648199,100.81379999999999
MEC-2094,174.7088,75.4337,12.136221,99.2751
MEC-2095,197.382,96.5118,15.363932,100.87020000000001
MEC-2096,233.2013,134.1517,12.120962,99.0496
MEC-2097,263.1981,161.9558,19.138098,101.2423
MEC-2098,298.646,159.6985,12.34293,138.94750000000002
MEC-2099,331.238,228.3506,14.882803,102.88740000000001
MEC-2100,363.029,254.9689,15.237093,108.0601
MEC-2101,397.6772,190.0544,13.518095,207.62280000000004
MEC-2102,182.4839,30.7076,17.736912,151.7763
MEC-2103,127.8398,31.2343,15.425205,96.60549999999999
MEC-2104,152.2467,9.5327,15.762091,142.714
MEC-2105,352.8168,204.0775,10.722876,148.73930000000001
MEC-2106,377.8119,233.6619,14.411926,144.14999999999998
MEC-2107,144.5031,1.1337,15.27977,143.36939999999998
MEC-2108,360.9378,216.9592,14.628887,143.97859999999997
MEC-2109,384.268,238.7798,16.063929,145.48819999999998
MEC-2110,164.7189,22.5985,14.814854,142.1204
MEC-2111,199.666,99.226,15.154839,100.44
MEC-2112,256.911,155.1778,15.369177,101.73320000000001
MEC-2113,305.1891,208.457,16.294003,96.7321
MEC-2114,348.1321,249.5859,7.660151,98.54619999999997
MEC-2115,143.0511,47.5979,5.038023,95.45319999999998
MEC-2116,194.0012,97.3294,14.631033,96.6718
MEC-2117,241.3321,144.4809,14.093876,96.8512
MEC-2118,205.9419,106.5378,15.945911,99.4041
MEC-2119,277.6477,14.137,16.346693,263.5107
MEC-2120,255.0111,103.8799,18.015862,151.13119999999998
MEC-2121,524.816,116.0631,12.47716,408.7529
MEC-2122,238.477,93.3568,17.796993,145.1202
MEC-2123,318.9931,174.9182,15.275955,144.0749
MEC-2124,278.321,131.8998,14.410019,146.42120000000003
MEC-2125,352.567,68.3043,15.763998,284.2627
MEC-2126,326.6802,159.4157,15.724897,167.26450000000003
MEC-2127,398.3941,253.2418,15.738726,145.15229999999997
MEC-2128,215.4799,70.4689,7.258177,145.01099999999997
MEC-2129,310.374,164.1841,16.350985,146.18990000000002
MEC-2130,150.7289,4.4799,16.382933,146.24900000000002
MEC-2131,248.9672,100.9092,16.593218,148.058
MEC-2132,345.196,192.2379,15.467167,152.95810000000003
MEC-2133,180.723,35.5048,17.037868,145.21820000000002
MEC-2134,275.9778,135.9525,17.168999,140.02530000000002
MEC-2135,277.771,128.6173,17.630816,149.15370000000001
MEC-2136,296.7269,194.1447,14.512777,102.5822
MEC-2137,309.7692,210.8426,15.441895,98.92660000000001
MEC-2138,315.4628,214.7503,17.869711,100.7125
MEC-2139,351.1093,248.2097,18.167973,102.89960000000002
MEC-2140,343.0128,242.9025,13.912678,100.11030000000002
MEC-2141,217.5031,117.9917,17.205,99.5114
MEC-2142,343.092,248.1291,6.460905,94.96289999999999
MEC-2143,220.7878,122.8888,14.521122,97.899
MEC-2144,234.174,136.7159,15.429974,97.4581
MEC-2145,353.158,253.114,14.019728,100.04400000000001
MEC-2146,470.5737,253.7918,15.448809,216.78189999999998
MEC-2147,331.3639,188.9224,18.669844,142.4415
MEC-2148,206.2428,105.4833,15.183687,100.75949999999999
MEC-2149,335.8381,233.057,16.153097,102.78110000000001
MEC-2150,458.6797,348.2959,14.312267,110.38380000000001
MEC-2151,202.9879,9.2666,20.81418,193.72129999999999
MEC-2152,247.4599,148.3538,15.933752,99.1061
MEC-2153,301.7993,203.1901,19.653797,98.60920000000002
MEC-2154,349.858,247.7579,16.23702,102.1001
MEC-2155,144.9718,48.2247,9.557009,96.7471
MEC-2156,207.006,106.4239,17.729044,100.5821
MEC-2157,103.945,4.2291,13.390064,99.71589999999999
MEC-2158,267.1077,166.1155,16.775846,100.99220000000003
MEC-2159,167.8081,69.5803,17.847061,98.2278
MEC-2160,333.7469,237.3881,17.296314,96.35879999999997
MEC-2161,250.3021,153.8115,17.588854,96.4906
MEC-2162,163.718,60.9558,17.655849,102.76219999999998
MEC-2163,335.2411,238.5628,16.03508,96.67830000000001
MEC-2164,256.3291,152.4646,19.916058,103.86449999999999
MEC-2165,175.7069,76.8325,17.013073,98.8744
MEC-2166,129.0503,29.8865,14.937162,99.1638
MEC-2167,180.1138,75.454,14.397144,104.6598
MEC-2168,236.68,139.8735,14.115095,96.8065
MEC-2169,286.041,59.469,12.420893,226.572
MEC-2170,332.0169,95.2928,15.490055,236.72410000000002
MEC-2171,141.9559,41.635,13.072729,100.32090000000002
MEC-2172,132.493,35.7659,15.884161,96.7271
MEC-2173,217.32,79.9799,15.393019,137.3401
MEC-2174,169.8689,71.5425,17.063856,98.32639999999999
MEC-2175,223.3181,125.201,14.43243,98.1171
MEC-2176,285.768,186.204,18.084049,99.56399999999996
MEC-2177,97.3449,0.7026,15.951157,96.64229999999999
MEC-2178,158.376,55.5813,16.54911,102.7947
MEC-2179,223.9759,120.6944,12.65502,103.2815
MEC-2180,286.0761,188.5006,18.156052,97.5755
MEC-2181,101.9351,2.7533,16.330957,99.18180000000001
MEC-2182,167.8698,71.5096,15.31601,96.36019999999999
MEC-2183,241.3769,144.8574,16.413927,96.5195
MEC-2184,317.2741,220.3217,12.478828,96.95239999999998
MEC-2185,140.4581,42.5904,16.303062,97.8677
MEC-2186,281.348,143.0857,14.317036,138.2623
MEC-2187,205.194,107.9495,15.704155,97.24449999999999
MEC-2188,112.8421,16.4878,13.580084,96.3543
MEC-2189,117.1288,20.4127,14.586926,96.7161
MEC-2190,323.2567,226.3687,13.823032,96.88800000000003
MEC-2191,246.8143,139.5371,16.74819,107.2772
MEC-2192,190.4099,90.8289,16.452789,99.58099999999999
MEC-2193,131.247,32.6564,17.034054,98.59060000000002
MEC-2194,346.7972,248.5259,16.26873,98.27129999999997
MEC-2195,126.1652,27.766,7.077217,98.39920000000001
MEC-2196,166.5809,67.7526,16.655207,98.82830000000001
MEC-2197,419.4841,213.7754,16.42704,205.70870000000002
MEC-2198,218.4513,119.4503,17.926931,99.001
MEC-2199,576.6649,136.0292,18.102169,440.6357
MEC-2200,637.9962,14.0135,18.106937,623.9827
MEC-2201,641.1252,94.1043,13.119936,547.0209
MEC-2202,193.11,48.4319,15.295982,144.67810000000003
MEC-2203,260.2067,113.0066,14.353991,147.20010000000002
MEC-2204,313.705,168.8144,15.120983,144.89059999999998
MEC-2205,379.1633,231.8792,17.335176,147.2841
MEC-2206,191.5841,47.0195,16.200304,144.5646
MEC-2207,279.4149,132.3404,16.017914,147.0745
MEC-2208,351.671,209.8174,16.663074,141.8536
MEC-2209,189.0371,45.3002,14.760017,143.73690000000002
MEC-2210,178.8721,82.3457,16.918898,96.5264
MEC-2211,165.086,66.9961,14.998913,98.08990000000001
MEC-2212,139.6992,42.8953,19.17696,96.8039
MEC-2213,118.144,16.9768,16.51907,101.16720000000001
MEC-2214,113.735,14.9362,15.573025,98.7988
MEC-2215,115.5,14.2369,15.156031,101.2631
MEC-2216,222.342,122.4165,17.225027,99.92550000000001
MEC-2217,325.2618,229.1012,18.038034,96.16059999999999
MEC-2218,164.0551,66.5009,14.786243,97.55420000000001
MEC-2219,276.84,179.4255,19.120932,97.41449999999998
MEC-2220,139.0567,40.3018,16.553879,98.7549
MEC-2221,250.5219,153.3256,18.407106,97.19629999999998
MEC-2222,114.8119,13.1278,16.619921,101.6841
MEC-2223,218.2269,118.1126,16.619205,100.1143
MEC-2224,323.6959,227.5069,10.971069,96.189
MEC-2225,170.7263,73.7116,15.310049,97.0147
MEC-2226,284.7431,181.0117,14.252186,103.73140000000004
MEC-2227,319.0689,177.5153,12.511015,141.5536
MEC-2228,325.681,224.7126,13.339043,100.96839999999997
MEC-2229,235.8401,126.5547,13.272047,109.28540000000001
MEC-2230,177.4068,79.5634,15.935898,97.8434
MEC-2231,224.1769,128.6933,17.19594,95.4836
MEC-2232,278.8739,178.4666,17.051935,100.40729999999999
MEC-2233,186.7054,48.1853,13.736248,138.5201
MEC-2234,124.439,26.1619,15.889168,98.27709999999999
MEC-2235,152.7119,53.9646,16.804934,98.74730000000002
MEC-2236,185.9219,87.2564,15.592098,98.6655
MEC-2237,221.1251,125.5732,7.941961,95.5519
MEC-2238,265.9242,170.0065,13.868093,95.9177
MEC-2239,191.0341,50.2677,16.220808,140.7664
MEC-2240,220.1788,122.5014,13.636112,97.67739999999999
MEC-2241,259.5689,159.5373,14.91189,100.0316
MEC-2242,328.0468,228.9729,16.512871,99.07390000000001
MEC-2243,119.1487,21.055,11.959076,98.09370000000001
MEC-2244,167.598,70.2631,15.194893,97.33490000000002
MEC-2245,210.2089,112.1423,13.523102,98.0666
MEC-2246,243.2439,145.0772,13.800144,98.16669999999999
MEC-2247,293.1051,195.0319,15.091896,98.07319999999999
MEC-2248,346.8938,248.436,15.55562,98.45779999999999
MEC-2249,318.3861,219.5985,15.257835,98.7876
MEC-2250,274.502,177.2451,19.524097,97.2569
MEC-2251,229.4028,131.2575,17.708778,98.14530000000002
MEC-2252,191.1888,87.7531,17.869949,103.43569999999998
MEC-2253,245.0111,139.3583,16.662121,105.65279999999998
MEC-2254,288.5864,191.0048,12.763977,97.58160000000004
MEC-2255,350.9171,252.9044,15.288115,98.0127
MEC-2256,149.6401,46.3846,14.24098,103.25549999999998
MEC-2257,207.0971,110.3449,17.77792,96.75220000000002
MEC-2258,274.6768,177.4654,14.980078,97.21140000000003
MEC-2259,346.8831,199.3585,15.820026,147.52460000000002
MEC-2260,149.044,51.1224,14.907122,97.92160000000001
MEC-2261,542.9718,0.53,13.859034,542.4418000000001
MEC-2262,95.8342,2.1975,11.1238,93.63669999999999
